place_id,type
ChIJ-1IbBmGCRo4RpY5njdWV_0M,art_gallery
ChIJ-5iJ83iCRo4RfDv9AusSg8Y,restaurant
ChIJ-5U1CTWDRo4Rq225QIQCdTU,restaurant
ChIJ-63vYOUpRI4RUSOyAzRl9X8,night_club
ChIJ-6ntz-qCRo4RdoGDksNP9VM,park
ChIJ-8XP5ikoRI4RbGXZfyvahi4,bar
ChIJ-8XP5ikoRI4RbGXZfyvahi4,restaurant
ChIJ-bKp832CRo4RvY-77_5PkOY,restaurant
ChIJ-dmt-YCCRo4RrTjzhjL0mns,bar
ChIJ-dmt-YCCRo4RrTjzhjL0mns,meal_takeaway
ChIJ-dmt-YCCRo4RrTjzhjL0mns,restaurant
ChIJ-enU0UWDRo4RS6prCfOlQkY,restaurant
ChIJ-fNBs2wpRI4RvIBO8cksDLg,restaurant
ChIJ-TnstaGDRo4RFVjrMySUyzM,cafe
ChIJ-xc_QV-DRo4RGr2uwKxAKSM,bar
ChIJ-xc_QV-DRo4RGr2uwKxAKSM,cafe
ChIJ-xc_QV-DRo4RGr2uwKxAKSM,restaurant
ChIJ-xc_QV-DRo4RGr2uwKxAKSM,store
ChIJ-xyNYwCDRo4RGfJJECi-qaA,cafe
ChIJ-xyNYwCDRo4RGfJJECi-qaA,store
ChIJ-ZOOUUkpRI4RFjporsL3h2U,bar
ChIJ-ZOOUUkpRI4RFjporsL3h2U,cafe
ChIJ-ZOOUUkpRI4RFjporsL3h2U,restaurant
ChIJ-ZOOUUkpRI4RFjporsL3h2U,store
ChIJ01N_mJCCRo4RyagqbQ6tYZA,restaurant
ChIJ01zQYxmDRo4RFbcFkK-A0-w,cafe
ChIJ01zQYxmDRo4RFbcFkK-A0-w,store
ChIJ06uOfyeDRo4RZkNLGUDHfdk,cafe
ChIJ09cPPigoRI4RV1Dz2mfvQDI,art_gallery
ChIJ0cMxiykoRI4RleNFm5yaIjw,bar
ChIJ0cMxiykoRI4RleNFm5yaIjw,restaurant
ChIJ0de-SxiDRo4R8xQje9tRjI0,night_club
ChIJ0dh4jfkoRI4RDnznczQdHv4,meal_delivery
ChIJ0dh4jfkoRI4RDnznczQdHv4,meal_takeaway
ChIJ0dh4jfkoRI4RDnznczQdHv4,restaurant
ChIJ0eGFPwApRI4RLMlKec7jIT0,restaurant
ChIJ0QO4EqiDRo4RT24uuZ4rP4Q,restaurant
ChIJ0xbeMwCDRo4RnAqzxVMXI04,restaurant
ChIJ0XiSgWOCRo4RXmH9J14CjPU,restaurant
ChIJ10dMhkUpRI4RyVly84Ys5Ms,restaurant
ChIJ150Wi1qCRo4ReXSU6B6Egb4,restaurant
ChIJ17bDgZmCRo4R6qZA0jPodhs,bakery
ChIJ17bDgZmCRo4R6qZA0jPodhs,cafe
ChIJ17bDgZmCRo4R6qZA0jPodhs,store
ChIJ19aXvAWDRo4RrqKFcM4o_V0,restaurant
ChIJ1b1HgIWCRo4RtIAQfdKoCX4,restaurant
ChIJ1e_ZP2-DRo4RagKEoRTHMCI,bar
ChIJ1e_ZP2-DRo4RagKEoRTHMCI,meal_delivery
ChIJ1e_ZP2-DRo4RagKEoRTHMCI,restaurant
ChIJ1QrC3yooRI4RZ18CGQQG63s,cafe
ChIJ1QRmjmuDRo4R0WNKKwSt8PU,bar
ChIJ1RwhVO8pRI4RpSFYihpxiMo,bar
ChIJ1RwhVO8pRI4RpSFYihpxiMo,cafe
ChIJ1RwhVO8pRI4RpSFYihpxiMo,lodging
ChIJ1RwhVO8pRI4RpSFYihpxiMo,night_club
ChIJ1RwhVO8pRI4RpSFYihpxiMo,restaurant
ChIJ1RwhVO8pRI4RpSFYihpxiMo,spa
ChIJ1RwhVO8pRI4RpSFYihpxiMo,store
ChIJ1TCqpikoRI4R24IGUHzWRqk,restaurant
ChIJ1Z6IjeaDRo4RWDadirKWOL8,bar
ChIJ1Z6IjeaDRo4RWDadirKWOL8,restaurant
ChIJ1Za3mykoRI4R4jQRfeXfnhs,bar
ChIJ1zH-0oCCRo4R4pDI68PP8EI,bar
ChIJ1zH-0oCCRo4R4pDI68PP8EI,restaurant
ChIJ21eZq7SDRo4RD5cHybE6dHE,restaurant
ChIJ246knFCCRo4RagaQZQfvadQ,restaurant
ChIJ24D7MzaDRo4RjKAdGFRjETI,restaurant
ChIJ27qRqmKCRo4R4x0o6lVK06U,restaurant
ChIJ28QsTEaDRo4RhnuWs8k9XiA,restaurant
ChIJ29zbewCDRo4R2VwhQlZcDVk,park
ChIJ2aSPIHMpRI4RI5fRS7AV0h8,bar
ChIJ2bor_c-DRo4RwGhmXWdK6ys,cafe
ChIJ2bor_c-DRo4RwGhmXWdK6ys,store
ChIJ2bU4EACDRo4R9dpXLbNkynQ,bar
ChIJ2dNTiSYoRI4R0YJJObBA28A,restaurant
ChIJ2SKukXeCRo4R31G0gUVixoE,bar
ChIJ2SscA4GCRo4RFSoXt2L34i4,cafe
ChIJ2SscA4GCRo4RFSoXt2L34i4,store
ChIJ2WIYGGiDRo4R5iNmRQ36ONE,restaurant
ChIJ2yfU2IkpRI4RQrfSkdmVW1g,restaurant
ChIJ3-B_XRspRI4RK6-DiFCJKNo,night_club
ChIJ3-ERKAApRI4R82J9w4BR8l0,cafe
ChIJ3-ERKAApRI4R82J9w4BR8l0,store
ChIJ30UMG4iCRo4RkCdpGsohe5U,bakery
ChIJ30UMG4iCRo4RkCdpGsohe5U,cafe
ChIJ30UMG4iCRo4RkCdpGsohe5U,store
ChIJ34FFHACDRo4Roq6OAim9aBw,cafe
ChIJ34FFHACDRo4Roq6OAim9aBw,restaurant
ChIJ34FFHACDRo4Roq6OAim9aBw,store
ChIJ34WZIQCDRo4R-pITlP3pq2Y,cafe
ChIJ34WZIQCDRo4R-pITlP3pq2Y,store
ChIJ36aQaS2DRo4RAuU_Ji_csOY,bar
ChIJ36Pdy6kpRI4RpFoqHn-49jw,restaurant
ChIJ39dzTq2DRo4R51k5rf2qZ-4,restaurant
ChIJ3dd_W-gpRI4RX-AFsAFKPKI,cafe
ChIJ3dd_W-gpRI4RX-AFsAFKPKI,store
ChIJ3RT3G4GCRo4RNYGYMh8IPZ0,cafe
ChIJ3SDd9mOCRo4RKd3lBWr2lsk,restaurant
ChIJ3SDd9mOCRo4Rrgm-_iqGcLM,restaurant
ChIJ3VmZo32CRo4RWekxBUXk4S0,restaurant
ChIJ3VxbCzspRI4RIwezGJS-vws,cafe
ChIJ3VxbCzspRI4RIwezGJS-vws,store
ChIJ3w-aSUOCRo4RfcO1LDBgybQ,restaurant
ChIJ3wBDcX2CRo4R7QXBZMsi9N0,restaurant
ChIJ3YO2e5qCRo4RjCRRmIPDNdk,restaurant
ChIJ3yuV1GKDRo4Rk0CTM5jl06g,bar
ChIJ3yuV1GKDRo4Rk0CTM5jl06g,restaurant
ChIJ3Z3cdWODRo4R_MVH_4JYW3g,bar
ChIJ4-oXcScoRI4Ru4KiEc9nwms,restaurant
ChIJ4-rQK8eCRo4RIpMExMOptq8,restaurant
ChIJ41VKqfaCRo4RC3rQWVz3q2Y,meal_takeaway
ChIJ41VKqfaCRo4RC3rQWVz3q2Y,restaurant
ChIJ41VKqfaCRo4RCd_HXJRawcQ,restaurant
ChIJ41VKqfaCRo4RDXAusvG7dOc,bar
ChIJ41VKqfaCRo4RDXAusvG7dOc,meal_delivery
ChIJ41VKqfaCRo4RDXAusvG7dOc,restaurant
ChIJ41VKqfaCRo4RNjUsl-ctEXo,bakery
ChIJ41VKqfaCRo4RNjUsl-ctEXo,restaurant
ChIJ41VKqfaCRo4RNjUsl-ctEXo,store
ChIJ41VKqfaCRo4Rqj5FCtN2BXA,restaurant
ChIJ41VKqfaCRo4RXCyeUueFWCU,bar
ChIJ41VKqfaCRo4RXCyeUueFWCU,restaurant
ChIJ45Kuf4KCRo4RdbtkfPvUbqI,restaurant
ChIJ47Mus2ApRI4RnwBk6Fcy6X0,night_club
ChIJ49tCvaaDRo4RJ_BRelwZU78,restaurant
ChIJ4aNO7U8pRI4RZAAMpezY2Q8,night_club
ChIJ4dG662EpRI4R4BkcMLeRMLQ,park
ChIJ4dIvfn2CRo4RQUOIzwxG9TA,cafe
ChIJ4QsItFyCRo4Rg2eN8ngtZOY,restaurant
ChIJ4Xqjd4-CRo4RuAJM9mjUrV4,meal_delivery
ChIJ4Xqjd4-CRo4RuAJM9mjUrV4,meal_takeaway
ChIJ4Xqjd4-CRo4RuAJM9mjUrV4,restaurant
ChIJ4yGRsCkoRI4RHghtLmCTyeI,meal_delivery
ChIJ4yGRsCkoRI4RHghtLmCTyeI,meal_takeaway
ChIJ4yGRsCkoRI4RHghtLmCTyeI,restaurant
ChIJ4YshVYWCRo4RV0Q27FywHk8,park
ChIJ4ZvmdH2CRo4RAo-iQZEGhzc,restaurant
ChIJ4ZvmdH2CRo4RAo-iQZEGhzc,shopping_mall
ChIJ4ZvmdH2CRo4RAo-iQZEGhzc,store
ChIJ4ZWLBQCDRo4ROvRw5Tbq9r4,bakery
ChIJ4ZWLBQCDRo4ROvRw5Tbq9r4,cafe
ChIJ4ZWLBQCDRo4ROvRw5Tbq9r4,store
ChIJ50AjT0KDRo4RTi8VHocarqk,bar
ChIJ52NviJmCRo4RHWOJkvHNKHI,bakery
ChIJ52NviJmCRo4RHWOJkvHNKHI,cafe
ChIJ52NviJmCRo4RHWOJkvHNKHI,restaurant
ChIJ52NviJmCRo4RHWOJkvHNKHI,store
ChIJ54XOb9cpRI4RSpXPjwew7Nk,bar
ChIJ54XOb9cpRI4RSpXPjwew7Nk,restaurant
ChIJ555tHVCCRo4RfQ1G_gXu8ss,cafe
ChIJ55ITfbODRo4RfSnrwQXhs-Q,bakery
ChIJ55ITfbODRo4RfSnrwQXhs-Q,bar
ChIJ55ITfbODRo4RfSnrwQXhs-Q,restaurant
ChIJ55ITfbODRo4RfSnrwQXhs-Q,store
ChIJ56wNUz6DRo4RWBXLUDa8fSI,park
ChIJ574bphopRI4RYo42ujBlbtU,art_gallery
ChIJ57Kv-8ODRo4RVKXigyLX3Vg,restaurant
ChIJ58yWfDyDRo4R6oflwMApstc,restaurant
ChIJ5aeyTMGDRo4RLw0nov0vQXg,bakery
ChIJ5aeyTMGDRo4RLw0nov0vQXg,cafe
ChIJ5aeyTMGDRo4RLw0nov0vQXg,store
ChIJ5agvo4eCRo4RXsXM1Fi3tIA,restaurant
ChIJ5aZ5z-6DRo4RaC9E7DtNO04,cafe
ChIJ5aZ5z-6DRo4RaC9E7DtNO04,restaurant
ChIJ5aZ5z-6DRo4RaC9E7DtNO04,store
ChIJ5Qd9M8TCuYoR7eyKsM-puBM,bar
ChIJ5Qd9M8TCuYoR7eyKsM-puBM,cafe
ChIJ5Qd9M8TCuYoR7eyKsM-puBM,restaurant
ChIJ5Qd9M8TCuYoR7eyKsM-puBM,store
ChIJ5ReTJeSDRo4R0l4HtvffU1Y,restaurant
ChIJ5RH0yLSDRo4R4Zm4Ffhla7M,health
ChIJ5RH0yLSDRo4R4Zm4Ffhla7M,restaurant
ChIJ5RH0yLSDRo4R4Zm4Ffhla7M,store
ChIJ5RuUHwApRI4RYxTunFn_040,night_club
ChIJ5SbVVtqdRo4R9RwuS0LPgHg,bar
ChIJ5ThtTGOCRo4RoShEAkYy2eg,cafe
ChIJ5UinPACDRo4RLWcWV6WVTa8,cafe
ChIJ5UinPACDRo4RLWcWV6WVTa8,store
ChIJ5xaS1dQpRI4R-kSZIhfnEhU,park
ChIJ5xaS1dQpRI4R-kSZIhfnEhU,tourist_attraction
ChIJ5XfWsPSCRo4Riu03ldignIY,restaurant
ChIJ5XfWsPSCRo4Riu03ldignIY,store
ChIJ61JsMwApRI4Ro3SyNh6GiFY,cafe
ChIJ61JsMwApRI4Ro3SyNh6GiFY,store
ChIJ6219IwCDRo4RXPGhxZqsZYE,restaurant
ChIJ63yeP3yCRo4RRYF1p9nc7PU,restaurant
ChIJ65yE0CSDRo4Rs48aFoYtDPA,cafe
ChIJ65yE0CSDRo4Rs48aFoYtDPA,store
ChIJ6bs39KgpRI4RqAxz1fHkl38,bar
ChIJ6bs39KgpRI4RqAxz1fHkl38,cafe
ChIJ6bs39KgpRI4RqAxz1fHkl38,night_club
ChIJ6bs39KgpRI4RqAxz1fHkl38,restaurant
ChIJ6bs39KgpRI4RqAxz1fHkl38,store
ChIJ6e7kSt8pRI4RsgObN9jt28Y,art_gallery
ChIJ6TbFfYKCRo4RVuKxK75QhdQ,lodging
ChIJ6TbFfYKCRo4RVuKxK75QhdQ,restaurant
ChIJ6W3LnikoRI4RGmnjcNr8ugc,meal_delivery
ChIJ6W3LnikoRI4RGmnjcNr8ugc,restaurant
ChIJ6wnsI2WCRo4RjswP7ypctZw,bar
ChIJ6wnsI2WCRo4RjswP7ypctZw,restaurant
ChIJ6xhC7RiDRo4R5qaZDdk-iwc,bar
ChIJ6XqQBXmCRo4RUX2_luc5Vyg,cafe
ChIJ6z5zhL-CRo4RQhYTw4w6fxM,night_club
ChIJ6Zj-Q9kpRI4RFsc8rsQOsbg,bar
ChIJ6ZSlllkpRI4R9OiDgbMktDY,night_club
ChIJ6_5eGI6DRo4RLqEGph-xYao,restaurant
ChIJ72daM5mCRo4RqauhwweaInw,bar
ChIJ72daM5mCRo4RqauhwweaInw,lodging
ChIJ74CY5wODRo4RqKjRAMdmVCw,cafe
ChIJ74CY5wODRo4RqKjRAMdmVCw,store
ChIJ77nAmYKCRo4RhJzA9msoFnU,bar
ChIJ77nAmYKCRo4RhJzA9msoFnU,restaurant
ChIJ7arRSNUpRI4R_yoq0TDSjSs,cafe
ChIJ7arRSNUpRI4R_yoq0TDSjSs,store
ChIJ7ec3oYWCRo4RbCKoRl2Flfs,restaurant
ChIJ7fu0umSDRo4RGg2vAWfLXHo,bar
ChIJ7fu0umSDRo4RGg2vAWfLXHo,cafe
ChIJ7fu0umSDRo4RGg2vAWfLXHo,restaurant
ChIJ7fu0umSDRo4RGg2vAWfLXHo,store
ChIJ7fu4tVGCRo4RgtQGr-27a9I,restaurant
ChIJ7QaT3VIpRI4RhUs-tbzgYa0,night_club
ChIJ7QzOqECDRo4RiQfSwxV7fbo,bar
ChIJ7QzOqECDRo4RiQfSwxV7fbo,restaurant
ChIJ7Rg1-ykoRI4RFLhuS_ov1UM,bar
ChIJ7Rg1-ykoRI4RFLhuS_ov1UM,meal_delivery
ChIJ7Rg1-ykoRI4RFLhuS_ov1UM,restaurant
ChIJ7RygCT6DRo4RCG6o_WNspYg,restaurant
ChIJ7Vq1K82DRo4RMFXttpnEcQ8,restaurant
ChIJ7w-hUHmCRo4RqAgHpBlfX4Q,restaurant
ChIJ7wrfWAwpRI4RTHa9kRvQgl0,cafe
ChIJ7xvJ6u0pRI4RNWLSRabv4m0,bar
ChIJ7xvJ6u0pRI4RNWLSRabv4m0,restaurant
ChIJ7XvREPeCRo4RTms8w-cs9-o,restaurant
ChIJ7Yh6wikoRI4RIAdoL7v_B3M,bar
ChIJ7Yh6wikoRI4RIAdoL7v_B3M,restaurant
ChIJ824kgq0pRI4RzOk5j6b8boE,night_club
ChIJ84P0QZqCRo4RiXcKeumZVH0,restaurant
ChIJ85wgx4QpRI4Rz_wcxtw45mE,cafe
ChIJ85wgx4QpRI4Rz_wcxtw45mE,store
ChIJ8dTdAskpRI4Rfd8rfD6Q8dc,art_gallery
ChIJ8dTdAskpRI4Rfd8rfD6Q8dc,cafe
ChIJ8dTdAskpRI4Rfd8rfD6Q8dc,store
ChIJ8R3qDYeCRo4Rf7ThYIW-IWI,restaurant
ChIJ8TvseSkoRI4RClLg61kXaT0,night_club
ChIJ8TvseSkoRI4RClLg61kXaT0,restaurant
ChIJ8U0eD92DRo4RuwApVuK7jWk,restaurant
ChIJ8Vg6eSkoRI4Rjxst-FIljjo,bakery
ChIJ8Vg6eSkoRI4Rjxst-FIljjo,cafe
ChIJ8Vg6eSkoRI4Rjxst-FIljjo,restaurant
ChIJ8Vg6eSkoRI4Rjxst-FIljjo,store
ChIJ8VKLoykoRI4R42mSgr7HsH0,cafe
ChIJ8VKLoykoRI4R42mSgr7HsH0,restaurant
ChIJ8VKLoykoRI4R42mSgr7HsH0,store
ChIJ8XbaFdMpRI4RuvQ_cOpVTzg,restaurant
ChIJ8y9EG1ODRo4R1gOcPFkMkZ8,meal_delivery
ChIJ8y9EG1ODRo4R1gOcPFkMkZ8,restaurant
ChIJ8Y9hJVCDRo4RGECtekrqRaA,bakery
ChIJ8Y9hJVCDRo4RGECtekrqRaA,cafe
ChIJ8Y9hJVCDRo4RGECtekrqRaA,store
ChIJ9-gtBHmCRo4Ropjl-KnXurM,cafe
ChIJ9025F16CRo4RzeU-9lPMsiY,park
ChIJ90h9f84pRI4RHk-bFWibI7I,bar
ChIJ913SJwApRI4REZsY7SdjJG8,cafe
ChIJ913SJwApRI4REZsY7SdjJG8,store
ChIJ937qbZqCRo4Rk0fvYaMFzgM,cafe
ChIJ937qbZqCRo4Rk0fvYaMFzgM,store
ChIJ93hKs6uDRo4RIUiS80O2zMw,restaurant
ChIJ93oQliiDRo4Ragrr3W1dDZU,bar
ChIJ944CQYeCRo4Rp_QdSAodRLM,cafe
ChIJ944CQYeCRo4Rp_QdSAodRLM,store
ChIJ96LVlomDRo4RxewiHJzitTI,night_club
ChIJ98fiiF6CRo4RIWbJjhz8jEY,bakery
ChIJ98fiiF6CRo4RIWbJjhz8jEY,cafe
ChIJ98fiiF6CRo4RIWbJjhz8jEY,store
ChIJ99L2-nmCRo4RHJst3RML9bA,restaurant
ChIJ9b7aZJqCRo4R488QLZ95jZg,restaurant
ChIJ9b7aZJqCRo4RX3WZpZtdTRk,restaurant
ChIJ9dpyPdQpRI4RnUfEsxQuQ-s,restaurant
ChIJ9dyLhikoRI4R1IEZoWSmNOo,bar
ChIJ9dyLhikoRI4R1IEZoWSmNOo,restaurant
ChIJ9Q-ElSkoRI4RIKWrZXgTQHk,night_club
ChIJ9TUmlXSDRo4RplPjeozriWY,restaurant
ChIJ9TWE-y-DRo4ROBTLNqNqbM4,cafe
ChIJ9TWE-y-DRo4ROBTLNqNqbM4,store
ChIJ9WRjiFiDRo4RSsTkaymuDMI,bar
ChIJ9WRjiFiDRo4RSsTkaymuDMI,grocery_or_supermarket
ChIJ9WRjiFiDRo4RSsTkaymuDMI,store
ChIJ9yQGrW2BRo4RTadj-ZYTkD0,bar
ChIJ9YvtkJ-DRo4RIbTkwNqPw_k,restaurant
ChIJ9zC-uSsoRI4RTjzhwQFtjbY,restaurant
ChIJ9_KY8b6DRo4RDy-ZsLclKV4,bar
ChIJa-vMU0cpRI4RtE4JkmQLpIE,restaurant
ChIJA-wUfqApRI4RUxF-qfHF2gQ,art_gallery
ChIJa0jeHTyDRo4RJUSa290bNcs,restaurant
ChIJa24MnWgpRI4R5jx7JxX4W3M,cafe
ChIJa24MnWgpRI4R5jx7JxX4W3M,restaurant
ChIJa24MnWgpRI4R5jx7JxX4W3M,store
ChIJa34-ZJCCRo4RVHUAdiBwbnM,restaurant
ChIJa4cT1emDRo4RHpqplkHIddc,restaurant
ChIJA4zvfGeCRo4RRM3hUCnZLhw,restaurant
ChIJA6dheL8pRI4R0WcvOmCPLo0,cafe
ChIJA6dheL8pRI4R0WcvOmCPLo0,restaurant
ChIJA6dheL8pRI4R0WcvOmCPLo0,store
ChIJA7oO9SkoRI4R8LUEkZ4ZZR4,night_club
ChIJA9UC6qKDRo4RsK3Lr4nFzPk,restaurant
ChIJAaapnn2CRo4Rsl36XdkxH4U,bakery
ChIJAaapnn2CRo4Rsl36XdkxH4U,cafe
ChIJAaapnn2CRo4Rsl36XdkxH4U,store
ChIJac5gewApRI4R8108hXDwT7c,cafe
ChIJac5gewApRI4R8108hXDwT7c,store
ChIJAcNm1s6DRo4RbICdzM3yFXg,meal_delivery
ChIJAcNm1s6DRo4RbICdzM3yFXg,meal_takeaway
ChIJAcNm1s6DRo4RbICdzM3yFXg,restaurant
ChIJacyxBJKDRo4RiPCwkYntdrw,cafe
ChIJacyxBJKDRo4RiPCwkYntdrw,store
ChIJAdB5YoKCRo4RabJTlJnClaE,restaurant
ChIJAfz1zI4pRI4RD3fmR-fadHk,restaurant
ChIJAQBA0tkpRI4RAnuy1hue5go,park
ChIJAR48vTuDRo4RwrUcmi_ysRg,restaurant
ChIJaSr3GCgoRI4RBScsNQsG_L4,park
ChIJaSt9cNUpRI4RsOaFE1K-FuQ,restaurant
ChIJASxQKwCDRo4RwW9r3IJ37WE,cafe
ChIJASxQKwCDRo4RwW9r3IJ37WE,store
ChIJaTabhpmCRo4R-G13E6bAI2s,restaurant
ChIJaThav3-DRo4RMxq3WfurV3s,restaurant
ChIJAUhPvn2CRo4R-IMmyBNHl6s,restaurant
ChIJAUnLPFCCRo4RBp6kfAhP2_s,art_gallery
ChIJAUnLPFCCRo4RBp6kfAhP2_s,store
ChIJaVE2i32CRo4RXrOl3iKm8Z8,restaurant
ChIJAW-uAwCDRo4Rcn6M4tWZG4o,restaurant
ChIJAwm2OQCDRo4ReMCObPRw6e0,cafe
ChIJAwm2OQCDRo4ReMCObPRw6e0,store
ChIJAwOZ5ikoRI4RWqsKH3Ve1gI,cafe
ChIJAwOZ5ikoRI4RWqsKH3Ve1gI,store
ChIJawRVZgCDRo4R6hpEJtRrrTU,restaurant
ChIJaxdcd52CRo4Rr_eCwzN7lX0,restaurant
ChIJAya8glqDRo4R7N3ft9gXRKA,restaurant
ChIJayaUsFGDRo4Rev4pRSc6TQ4,cafe
ChIJayaUsFGDRo4Rev4pRSc6TQ4,store
ChIJayAZkVqCRo4RGDANoFvlJ8I,bar
ChIJayAZkVqCRo4RGDANoFvlJ8I,restaurant
ChIJAyHLlTiDRo4RIlMrmj4sZR4,meal_delivery
ChIJAyHLlTiDRo4RIlMrmj4sZR4,meal_takeaway
ChIJAyHLlTiDRo4RIlMrmj4sZR4,restaurant
ChIJayxsOlCCRo4RI3DYCKds4wo,restaurant
ChIJAYzvlGCCRo4R0aia02Bsias,park
ChIJAYzvlGCCRo4R0aia02Bsias,tourist_attraction
ChIJaZTlXjcpRI4RjPs4le22cpI,night_club
ChIJaZYCgwCDRo4R11apPQ-A9IU,night_club
ChIJb-6AI3ODRo4RB56iEFAfhws,restaurant
ChIJb3gNI-OeRo4R8NFI4sRyoZ8,bar
ChIJb3gNI-OeRo4R8NFI4sRyoZ8,restaurant
ChIJb44ERNeDRo4R5PHcnl54BQg,restaurant
ChIJB4x0ekGDRo4R3o4SFcwvXwE,bar
ChIJB5MtQ3yCRo4RjTI06bDRqAw,restaurant
ChIJb9pXGVCCRo4RTqmVXGL9A84,park
ChIJBajvuhKDRo4RjK4RmjXnC_c,bar
ChIJBajvuhKDRo4RjK4RmjXnC_c,cafe
ChIJbarVCNMpRI4RnDWRMaBiVcM,clothing_store
ChIJbarVCNMpRI4RnDWRMaBiVcM,electronics_store
ChIJbarVCNMpRI4RnDWRMaBiVcM,home_goods_store
ChIJbarVCNMpRI4RnDWRMaBiVcM,movie_theater
ChIJbarVCNMpRI4RnDWRMaBiVcM,restaurant
ChIJbarVCNMpRI4RnDWRMaBiVcM,shopping_mall
ChIJbarVCNMpRI4RnDWRMaBiVcM,store
ChIJBbClzQ8pRI4R5FPnEW3fQVE,bar
ChIJBbClzQ8pRI4R5FPnEW3fQVE,restaurant
ChIJbcGLjeuDRo4RFD_X8JmC_kY,restaurant
ChIJbcoNmmOCRo4RZ3rWIAwmVzw,restaurant
ChIJbePvRLyDRo4RkSJ_-M-PNWk,restaurant
ChIJbfxG2icoRI4RJqfVXt4uooM,restaurant
ChIJbRoDBysoRI4RFrZj9yQ6fM4,restaurant
ChIJBR__dgCDRo4REMLZsIjKbrg,restaurant
ChIJbTIcvvGCRo4RZgCTSdW0kJw,art_gallery
ChIJBTYXgiooRI4RAOYVMuPgXy8,bakery
ChIJBTYXgiooRI4RAOYVMuPgXy8,cafe
ChIJBTYXgiooRI4RAOYVMuPgXy8,store
ChIJBU82CCuDRo4RL04JF4YepEk,cafe
ChIJbUJaspCDRo4RHDZbrwKLUCw,restaurant
ChIJBV1rEziDRo4RO9wSGwwcV0Y,restaurant
ChIJBVKgq6CCRo4R-9B9XVUZJaY,bar
ChIJBVKgq6CCRo4R-9B9XVUZJaY,restaurant
ChIJBVKgq6CCRo4R-9B9XVUZJaY,store
ChIJBWw4rvEpRI4RUJSwpr9S8DA,cafe
ChIJBWw4rvEpRI4RUJSwpr9S8DA,store
ChIJBXHMPcKDRo4RRWvbeltfmUE,restaurant
ChIJbXQTfT6DRo4RrWg5UGFvUJw,restaurant
ChIJByzkOgApRI4RCSWSN0llaoY,cafe
ChIJByzkOgApRI4RCSWSN0llaoY,store
ChIJBzio54uCRo4R1N9ZRtMT2HM,museum
ChIJBzio54uCRo4R1N9ZRtMT2HM,tourist_attraction
ChIJc0mhhNMpRI4RppoDKbI9-Qg,restaurant
ChIJc0YiANgpRI4RVFyMUODXx2A,cafe
ChIJc1jdfpqCRo4RcruUkwoW0mA,meal_delivery
ChIJc1jdfpqCRo4RcruUkwoW0mA,meal_takeaway
ChIJc1jdfpqCRo4RcruUkwoW0mA,restaurant
ChIJC241XVCCRo4R01-Ldjqbcm4,restaurant
ChIJC2bDKDcoRI4Rn42144DWoxw,bar
ChIJc4NSzjaDRo4RBhqP_2OGWIw,bar
ChIJc5AZH4iCRo4Rugna0xhNLbo,restaurant
ChIJc6UjYJqCRo4RNaNYHP3TsBQ,restaurant
ChIJc6UjYJqCRo4RuIMdTUi02lU,bar
ChIJc6UjYJqCRo4RuIMdTUi02lU,restaurant
ChIJC6wDs1-CRo4RKkFJIHHFul0,park
ChIJC6wDs1-CRo4RKkFJIHHFul0,tourist_attraction
ChIJC7qd5LGDRo4RC4Aa17qeots,cafe
ChIJC7qd5LGDRo4RC4Aa17qeots,store
ChIJC7VcTACDRo4RFYC4-ePrXWY,cafe
ChIJC7VcTACDRo4RFYC4-ePrXWY,store
ChIJcaEVM_uDRo4RZQWpHbzEikQ,restaurant
ChIJCcNRb4iCRo4ReCtCtlR37oY,park
ChIJccORXPiCRo4R430XfTLANJg,park
ChIJccORXPiCRo4R430XfTLANJg,tourist_attraction
ChIJCe3ifikoRI4RP_Z94x3tVJ8,bar
ChIJceAo4biDRo4RqKdtnOOi8wg,bakery
ChIJceAo4biDRo4RqKdtnOOi8wg,cafe
ChIJceAo4biDRo4RqKdtnOOi8wg,restaurant
ChIJceAo4biDRo4RqKdtnOOi8wg,store
ChIJCevk6QyDRo4RYwLTtrsu5wA,bar
ChIJCevk6QyDRo4RYwLTtrsu5wA,restaurant
ChIJcf1wPACDRo4RICNoG0qx8ug,restaurant
ChIJcRIih1CCRo4R09N0-M9p8rg,bar
ChIJCUD-RnopRI4RZBnUUkoq3Uc,bakery
ChIJCUD-RnopRI4RZBnUUkoq3Uc,cafe
ChIJCUD-RnopRI4RZBnUUkoq3Uc,store
ChIJCwf6TwCDRo4RqrdL_jRC_jc,restaurant
ChIJcwpSuhuDRo4RaWn1Lz_4bxM,bar
ChIJcxiH42iCRo4R4IjNPKi4qy8,park
ChIJcxiH42iCRo4R4IjNPKi4qy8,school
ChIJcxpJRwCDRo4RTm9WJqa-nr8,restaurant
ChIJcYhG7Q0pRI4RqC1VhvkzQzM,night_club
ChIJCyy_qp-DRo4RxWC4APNViUA,cafe
ChIJCyy_qp-DRo4RxWC4APNViUA,restaurant
ChIJCyy_qp-DRo4RxWC4APNViUA,store
ChIJcyzpd4KDRo4R-OJwBVBGiI8,night_club
ChIJD-5zTWqDRo4RSRIZcuelDgI,cafe
ChIJD-5zTWqDRo4RSRIZcuelDgI,store
ChIJd-HheCwoRI4RUuNYh8mFofw,bar
ChIJd-HheCwoRI4RUuNYh8mFofw,cafe
ChIJd-HheCwoRI4RUuNYh8mFofw,restaurant
ChIJd-HheCwoRI4RUuNYh8mFofw,store
ChIJD-RL3a2DRo4Ro_q0ruR2tKg,cafe
ChIJD-RL3a2DRo4Ro_q0ruR2tKg,restaurant
ChIJD-RL3a2DRo4Ro_q0ruR2tKg,store
ChIJd2TcTAApRI4RG6oHLp0d7Lw,cafe
ChIJd2TcTAApRI4RG6oHLp0d7Lw,store
ChIJD2Y9fRspRI4RjkleVnNyFPE,night_club
ChIJd3vHPbiDRo4RmRZkbmXzrFE,cafe
ChIJd3vHPbiDRo4RmRZkbmXzrFE,restaurant
ChIJd3vHPbiDRo4RmRZkbmXzrFE,store
ChIJD4vWexIpRI4R0RZK0K6u4qo,night_club
ChIJd5CbkMaDRo4RqZttWrP0OXs,cafe
ChIJd5CbkMaDRo4RqZttWrP0OXs,store
ChIJd7cWyikoRI4RmauPHhkEEK8,bar
ChIJD8dMLVCCRo4R5YHN2xhaf4g,cafe
ChIJD8dMLVCCRo4R5YHN2xhaf4g,restaurant
ChIJD8dMLVCCRo4R5YHN2xhaf4g,store
ChIJdafiagCDRo4RCTBP4ne9-4U,restaurant
ChIJDaNrfrCDRo4RTJstL61S9M8,restaurant
ChIJDc8HdUspRI4RsWrEPhjhxYE,bar
ChIJDd3aGluCRo4RxidGQZbXE-8,cafe
ChIJddqGSQCDRo4RbsiHno6dsls,restaurant
ChIJDfrNUAGDRo4RhwXuN_o-8Qs,restaurant
ChIJdQmgHwApRI4RhCxKiiTGB04,cafe
ChIJdQmgHwApRI4RhCxKiiTGB04,restaurant
ChIJdQmgHwApRI4RhCxKiiTGB04,store
ChIJDQuvZsKDRo4RBDDVrOXelg4,restaurant
ChIJdSo6uwqDRo4RwIZDLyTIFIg,bar
ChIJdSz0lBkpRI4RRE7dDRWSbQg,bar
ChIJDTRXbQCDRo4RY1m9UQt4tNQ,restaurant
ChIJDVPidgApRI4RaVF8aiIeFtg,cafe
ChIJDVPidgApRI4RaVF8aiIeFtg,store
ChIJdVUS-e0pRI4R_XlQGCk2IoA,cafe
ChIJdVUS-e0pRI4R_XlQGCk2IoA,restaurant
ChIJdVUS-e0pRI4R_XlQGCk2IoA,store
ChIJDW7raHiCRo4RLSAjHngljjk,cafe
ChIJDxrx7UkpRI4RYKebSIG3T_c,cafe
ChIJDxrx7UkpRI4RYKebSIG3T_c,store
ChIJdYDxDnmCRo4Rf9RtlQVFGD8,cafe
ChIJdYWGjUwpRI4RzNay6-EHqXM,night_club
ChIJDz5buz6DRo4R7HsFRalmDEE,restaurant
ChIJDzB_rikoRI4RK7880NQlw-4,bar
ChIJDzB_rikoRI4RK7880NQlw-4,night_club
ChIJD_IzBFuCRo4R_wtUkWO7KrQ,restaurant
ChIJe-MI1nYpRI4RQlMAJgaP934,cafe
ChIJe-MI1nYpRI4RQlMAJgaP934,store
ChIJE-wfipmCRo4RW7h0xHa5qCk,restaurant
ChIJe03nvX2CRo4Rfrju9F10xxg,bakery
ChIJe03nvX2CRo4Rfrju9F10xxg,restaurant
ChIJe03nvX2CRo4Rfrju9F10xxg,store
ChIJE1UtvsuDRo4R1i5RL-pBgFw,restaurant
ChIJe3bfq_aCRo4Ra_Oki2OZ5GY,restaurant
ChIJe55ytCkoRI4RfyIB-fuCrwQ,art_gallery
ChIJe6gjIZqCRo4RN-eckwM3S8s,restaurant
ChIJe6HXnX6DRo4RcLYoYL2EAUo,restaurant
ChIJE7d6fV6CRo4RzqDrR9M6ppI,bakery
ChIJE7d6fV6CRo4RzqDrR9M6ppI,cafe
ChIJE7d6fV6CRo4RzqDrR9M6ppI,grocery_or_supermarket
ChIJE7d6fV6CRo4RzqDrR9M6ppI,home_goods_store
ChIJE7d6fV6CRo4RzqDrR9M6ppI,liquor_store
ChIJE7d6fV6CRo4RzqDrR9M6ppI,store
ChIJe999RF-DRo4R_WPPZ63Oj2I,restaurant
ChIJEa5FFwCDRo4RIhBAsh3MY1U,bar
ChIJEa5FFwCDRo4RIhBAsh3MY1U,restaurant
ChIJEagF7ecpRI4R90j79qpaFIM,cafe
ChIJeahciFuCRo4Rgs3RaaLYFQc,restaurant
ChIJEbbhRlCDRo4R2Fv3DPVQ-GA,bar
ChIJEbbhRlCDRo4R2Fv3DPVQ-GA,restaurant
ChIJebD-HwCDRo4Ry4oi1KKwjfo,restaurant
ChIJebEL-SkoRI4RcXaj3HEEDJU,bar
ChIJecc3QyooRI4RDqMd6eKQDqw,restaurant
ChIJeeBYhYeCRo4RCOKKzEaHpmI,bar
ChIJeeBYhYeCRo4RCOKKzEaHpmI,restaurant
ChIJeeojE_eDRo4R6G3qCQivkN0,bar
ChIJeeojE_eDRo4R6G3qCQivkN0,night_club
ChIJeeojE_eDRo4R6G3qCQivkN0,restaurant
ChIJefMR6baDRo4RxMnPPZmxnJ8,cafe
ChIJefMR6baDRo4RxMnPPZmxnJ8,car_wash
ChIJefMR6baDRo4RxMnPPZmxnJ8,store
ChIJEQq9lEopRI4Rw7HfpTjMcRA,park
ChIJETyzFa4pRI4RgdkRiH1tdvI,night_club
ChIJEUiaGACDRo4RrVRejC5oVAA,cafe
ChIJEUiaGACDRo4RrVRejC5oVAA,store
ChIJeUio2VaCRo4R4wiKI73XCAE,cafe
ChIJEW3uUr4pRI4RuaR5iLNaC40,night_club
ChIJewEtkV6CRo4RWXppgm64hts,restaurant
ChIJeXm3pikoRI4RQRkGnTuOPGs,bar
ChIJey8GAbODRo4RNmBw7a9-I1w,meal_takeaway
ChIJey8GAbODRo4RNmBw7a9-I1w,restaurant
ChIJeYHrWgCDRo4Ro95cmiDkjuI,restaurant
ChIJEyprEzEpRI4Ra8hbASfrOnA,night_club
ChIJF-bNvieDRo4R0Kg40T9H0mw,cafe
ChIJF-bNvieDRo4R0Kg40T9H0mw,store
ChIJF1Havn6DRo4RoarGKwz49lU,restaurant
ChIJf2XggJ6DRo4RdtmZs3uF9n8,restaurant
ChIJF2yVGIiCRo4RFco9y8XIl0c,restaurant
ChIJf3BlRw-DRo4RRXsddXSWfec,restaurant
ChIJf4bPKbQpRI4RUr_60Tf-Hxg,meal_delivery
ChIJf4bPKbQpRI4RUr_60Tf-Hxg,meal_takeaway
ChIJf4bPKbQpRI4RUr_60Tf-Hxg,restaurant
ChIJf4ZTxOuDRo4RVLDyMKZed6s,night_club
ChIJF72E1OyDRo4Rx_2vnTLs4Jw,meal_takeaway
ChIJF72E1OyDRo4Rx_2vnTLs4Jw,restaurant
ChIJF8IIwLcoRI4RKCdeMuiochQ,bar
ChIJF8IIwLcoRI4RKCdeMuiochQ,restaurant
ChIJfaKvAEyDRo4R8djzi0U5HVE,bar
ChIJFazHwtApRI4RusP2j2CVjVM,book_store
ChIJFazHwtApRI4RusP2j2CVjVM,home_goods_store
ChIJFazHwtApRI4RusP2j2CVjVM,jewelry_store
ChIJFazHwtApRI4RusP2j2CVjVM,museum
ChIJFazHwtApRI4RusP2j2CVjVM,store
ChIJFbaoRpuDRo4RmYfoeHh3GCw,restaurant
ChIJFe_faTYpRI4RGXXZf-P8xww,bar
ChIJFe_faTYpRI4RGXXZf-P8xww,cafe
ChIJFe_faTYpRI4RGXXZf-P8xww,store
ChIJffw1DtUpRI4RJsDYbWQ0Isw,cafe
ChIJffw1DtUpRI4RJsDYbWQ0Isw,store
ChIJFRaE83yCRo4RJHE4p8_U6JQ,restaurant
ChIJFRTtPiaDRo4R55q_kVbXMmA,bakery
ChIJFRTtPiaDRo4R55q_kVbXMmA,cafe
ChIJFRTtPiaDRo4R55q_kVbXMmA,grocery_or_supermarket
ChIJFRTtPiaDRo4R55q_kVbXMmA,home_goods_store
ChIJFRTtPiaDRo4R55q_kVbXMmA,liquor_store
ChIJFRTtPiaDRo4R55q_kVbXMmA,store
ChIJFTUBy9SDRo4RtCD0wjYRTIE,restaurant
ChIJfVj40oWDRo4RQbc1f0r0Qk4,cafe
ChIJfW61pJ6CRo4RFZRBJtBZ9yo,cafe
ChIJfW61pJ6CRo4RFZRBJtBZ9yo,store
ChIJfxo-qiwoRI4R_ggha-Mddqc,restaurant
ChIJFyRBn4-CRo4RsxqiJHGvn38,restaurant
ChIJFz1RTigoRI4Rx5i9Bb31IrQ,restaurant
ChIJfZTcYwCDRo4RvU5ntxaXhXA,cafe
ChIJfZTcYwCDRo4RvU5ntxaXhXA,store
ChIJFzzifwCDRo4Rxu0qoieCjYM,restaurant
ChIJf_NaMwCDRo4Rl9Hykc4-0F0,cafe
ChIJf_NaMwCDRo4Rl9Hykc4-0F0,store
ChIJf_O9aysoRI4R_OOecW1aPZY,art_gallery
ChIJf_v7_CkoRI4R3aeOhwIz11Q,restaurant
ChIJG-AaTB0pRI4Rbc4hCdVizog,bar
ChIJG-UqjlspRI4RjSm7IFazjaQ,cafe
ChIJG-UqjlspRI4RjSm7IFazjaQ,store
ChIJg0_sawApRI4RXD9Mzz82GqI,bar
ChIJg0_sawApRI4RXD9Mzz82GqI,restaurant
ChIJg5JgZQApRI4RZ7LSQ4gJknQ,cafe
ChIJg5JgZQApRI4RZ7LSQ4gJknQ,store
ChIJg5pCrCkoRI4RnQ7Z-pwZFvQ,cafe
ChIJg5pCrCkoRI4RnQ7Z-pwZFvQ,restaurant
ChIJg5pCrCkoRI4RnQ7Z-pwZFvQ,store
ChIJG7uwhUCDRo4R008eHxnVdSk,bar
ChIJG7uwhUCDRo4R008eHxnVdSk,restaurant
ChIJg8tMgSwoRI4RSp8qmG_HuiM,park
ChIJG99_poWCRo4R-KV2metS5vY,restaurant
ChIJgaoqz8-DRo4Re1YOHsD6TcQ,cafe
ChIJgaoqz8-DRo4Re1YOHsD6TcQ,store
ChIJGbd2F4KDRo4Rk940lZ2kZBo,bar
ChIJGbd2F4KDRo4Rk940lZ2kZBo,restaurant
ChIJGc06JQCDRo4Rh1GjbpQXxrg,bar
ChIJGc3xtQApRI4RPc_zwikW9W0,night_club
ChIJGc4oW5ApRI4Rzcw9DYr3uHA,night_club
ChIJGcUsZe2DRo4RLnZn0qMvaWc,night_club
ChIJGdMhNigoRI4RWtZNyailQqg,art_gallery
ChIJgQE-YaeDRo4RzW0PcajrU0Q,museum
ChIJGRGqMe-DRo4RfxNegpoTfBc,restaurant
ChIJGVB2UbKDRo4Rased4bIqcug,restaurant
ChIJgVCkKxEpRI4RWipdyMe4kaM,bar
ChIJgVCkKxEpRI4RWipdyMe4kaM,night_club
ChIJgVCkKxEpRI4RWipdyMe4kaM,restaurant
ChIJgXCGNSooRI4Rr7VAUUZbcnU,cafe
ChIJGY75wQqDRo4R3PMpsmQaLJU,bar
ChIJGY75wQqDRo4R3PMpsmQaLJU,cafe
ChIJGY75wQqDRo4R3PMpsmQaLJU,restaurant
ChIJGY75wQqDRo4R3PMpsmQaLJU,store
ChIJgYzrGIGCRo4Rw33TZ1ga4Jg,restaurant
ChIJgZ75yyGDRo4RZWtECczwDXc,park
ChIJGZvPcw-DRo4RT1RsqVTjxIs,restaurant
ChIJh-iy3kspRI4RW5Uf_8m3qP8,art_gallery
ChIJh-iy3kspRI4RW5Uf_8m3qP8,general_contractor
ChIJh-iy3kspRI4RW5Uf_8m3qP8,store
ChIJh-yRdACDRo4RjUONlTg913M,bar
ChIJh-yRdACDRo4RjUONlTg913M,restaurant
ChIJH0s3BCsoRI4Rja4DOM4R3uk,bar
ChIJH1ksUmaCRo4Rldqfc91HcJ0,night_club
ChIJh2M_4ZOCRo4REHcgOrvX3uI,park
ChIJh3NWjXyDRo4RycY_gWBKhik,restaurant
ChIJh3wZdUmDRo4R8fvw4tLPwzs,cafe
ChIJh3wZdUmDRo4R8fvw4tLPwzs,store
ChIJH417loKCRo4R3cTdcNNgJVw,restaurant
ChIJH70W_3mDRo4RMPwZU_OEb0A,restaurant
ChIJHaO7mpCCRo4RuAVdjOerM4c,restaurant
ChIJHb2NRtWDRo4RINbXdPOSn2E,bar
ChIJHbgCPSGDRo4RALoclE8nlJk,bar
ChIJhbIN5HeCRo4RX7TAsL6quZg,cafe
ChIJhdve6L6DRo4Rs-PbBmpYwY8,bakery
ChIJhdve6L6DRo4Rs-PbBmpYwY8,bar
ChIJhdve6L6DRo4Rs-PbBmpYwY8,restaurant
ChIJhdve6L6DRo4Rs-PbBmpYwY8,store
ChIJhfA651qDRo4R418BYc5Txlw,bar
ChIJhfA651qDRo4R418BYc5Txlw,cafe
ChIJhfA651qDRo4R418BYc5Txlw,restaurant
ChIJhfzFShiDRo4RhlJ0Wbmzk4g,cafe
ChIJhfzFShiDRo4RhlJ0Wbmzk4g,store
ChIJHQQ_NLiDRo4RBaaHPGNjHLs,restaurant
ChIJHQQ_NLiDRo4RBaaHPGNjHLs,store
ChIJhQuIlXApRI4Ra_pjQJKQ4qw,park
ChIJHRAzlisoRI4RAhu36qsAtYg,restaurant
ChIJHRAzlisoRI4RAhu36qsAtYg,store
ChIJHTJA0miCRo4RZGYGfQxinGs,cafe
ChIJHTJA0miCRo4RZGYGfQxinGs,liquor_store
ChIJHTJA0miCRo4RZGYGfQxinGs,store
ChIJHWCORdqDRo4R7vQ5D-1alVc,bakery
ChIJHWCORdqDRo4R7vQ5D-1alVc,cafe
ChIJHWCORdqDRo4R7vQ5D-1alVc,restaurant
ChIJHWCORdqDRo4R7vQ5D-1alVc,store
ChIJHWFPiUqDRo4R7RBhKU694Lk,bar
ChIJHWFPiUqDRo4R7RBhKU694Lk,restaurant
ChIJhwiuDz8pRI4RItsKZE2BgD4,restaurant
ChIJhWjTOwCDRo4RfrMaF6IFHQM,restaurant
ChIJHwqdQJ2DRo4RTLpDm-jNaZ0,restaurant
ChIJHw_rfgApRI4R_s7VByA1Quk,cafe
ChIJHw_rfgApRI4R_s7VByA1Quk,store
ChIJhxAxgUopRI4R2Zvf41vfcio,night_club
ChIJhxAxgUopRI4R2Zvf41vfcio,restaurant
ChIJHXeLJpwpRI4RM6bLRHwG8uU,bar
ChIJHXeLJpwpRI4RM6bLRHwG8uU,night_club
ChIJHXeLJpwpRI4RM6bLRHwG8uU,restaurant
ChIJhxGUsOMpRI4RwGhK48iTe6k,night_club
ChIJhXJuDSgoRI4RSj0vM6pMMAY,cafe
ChIJHXQnHyspRI4Rs7BcZNh4PYk,bar
ChIJHYCIJSgpRI4RGiv0Zp8veSg,bakery
ChIJHYCIJSgpRI4RGiv0Zp8veSg,cafe
ChIJHYCIJSgpRI4RGiv0Zp8veSg,restaurant
ChIJHYCIJSgpRI4RGiv0Zp8veSg,store
ChIJH_0PtqeDRo4R6xyGeSfH40M,bar
ChIJH_0PtqeDRo4R6xyGeSfH40M,meal_takeaway
ChIJH_0PtqeDRo4R6xyGeSfH40M,restaurant
ChIJH_IYXuuDRo4Rx_EguujuxEI,bakery
ChIJH_IYXuuDRo4Rx_EguujuxEI,cafe
ChIJH_IYXuuDRo4Rx_EguujuxEI,restaurant
ChIJH_IYXuuDRo4Rx_EguujuxEI,store
ChIJh_qAVEWCRo4Rl-D8wspdC3U,bar
ChIJh_qAVEWCRo4Rl-D8wspdC3U,restaurant
ChIJH_tCfI-DRo4RsrMioqvO3K0,night_club
ChIJi1g9sCkoRI4R6ARX_Kt2LOA,restaurant
ChIJI55mgWmDRo4RxaGyoC5YMNg,bar
ChIJi5R21pqCRo4RIxnqoEZif38,restaurant
ChIJi6XCZmaCRo4RO52OnpWdi30,night_club
ChIJI7qHKtQpRI4RTHE1ve3V5Bg,bar
ChIJI7qHKtQpRI4RTHE1ve3V5Bg,night_club
ChIJi8dtSiWDRo4Ry5Yac6KUHbw,restaurant
ChIJI8zoOi6DRo4R0QxTuZetjvo,cafe
ChIJI9ispCsoRI4RiNATqZZJd1g,bakery
ChIJI9ispCsoRI4RiNATqZZJd1g,restaurant
ChIJI9ispCsoRI4RiNATqZZJd1g,store
ChIJia-PFwApRI4Rltt5lOqJaLo,cafe
ChIJia-PFwApRI4Rltt5lOqJaLo,store
ChIJicgLNx2DRo4RHId6wGUyfyE,cafe
ChIJicgLNx2DRo4RHId6wGUyfyE,store
ChIJIcL3awApRI4RMc3mb5wKYbg,park
ChIJIeKKmiYpRI4RSdlKWcp3hHg,night_club
ChIJieoGg_yDRo4RgHYQSMXgp9w,night_club
ChIJiewOLf4pRI4RqA6VxATmJXo,night_club
ChIJIewtLCQoRI4R10cIZd02mUI,restaurant
ChIJIewtLCQoRI4R6T14Gd2jIac,restaurant
ChIJIewtLCQoRI4RDjB0EFnGyJs,bar
ChIJIewtLCQoRI4RDjB0EFnGyJs,restaurant
ChIJIewtLCQoRI4RgasEFt2VCH8,restaurant
ChIJif7s-SooRI4RbpSb3vxtTrQ,cafe
ChIJIfCHAQCDRo4RFst5RF8fOVc,restaurant
ChIJIfj9zC6DRo4RG6ZRZcwAFOY,restaurant
ChIJIfPG1u-CRo4Rc_G__fx-9h0,restaurant
ChIJiQOPbTeDRo4RqV1yUewtAGM,cafe
ChIJiQOPbTeDRo4RqV1yUewtAGM,store
ChIJiTK4EkKDRo4RZMutTASKzu4,restaurant
ChIJITZr2VGCRo4R9I3DYF1mu2M,bar
ChIJITZr2VGCRo4RKuGM3Jug8Xo,bar
ChIJiVFa78aDRo4RXOgtDVlfJME,cafe
ChIJiw4uiCmDRo4Rk0NYmmjttmw,restaurant
ChIJIWgxYykoRI4REYyRp8BF7Zc,bar
ChIJIWgxYykoRI4REYyRp8BF7Zc,night_club
ChIJIWgxYykoRI4REYyRp8BF7Zc,school
ChIJiwjBpoWCRo4RiTTE-BvlG7I,bakery
ChIJiwjBpoWCRo4RiTTE-BvlG7I,cafe
ChIJiwjBpoWCRo4RiTTE-BvlG7I,grocery_or_supermarket
ChIJiwjBpoWCRo4RiTTE-BvlG7I,home_goods_store
ChIJiwjBpoWCRo4RiTTE-BvlG7I,liquor_store
ChIJiwjBpoWCRo4RiTTE-BvlG7I,store
ChIJiwtYJk8pRI4ROL1Tls24Vz4,bar
ChIJIwVnYysoRI4RwJHIBpTFTJI,art_gallery
ChIJIwVnYysoRI4RwJHIBpTFTJI,home_goods_store
ChIJIwVnYysoRI4RwJHIBpTFTJI,store
ChIJix6S-XeCRo4R1RiI40x2xxM,park
ChIJIYcK_juDRo4RMAiD7vZZyi0,cafe
ChIJIyvFSkODRo4RM5B4HoVm2pY,restaurant
ChIJIyWG63SDRo4RyN3yvezU3xk,restaurant
ChIJiz01YH6DRo4Rl3zi4idXhDo,bar
ChIJiz01YH6DRo4Rl3zi4idXhDo,restaurant
ChIJiZycN2-DRo4RgLNi_4-HcEA,park
ChIJJ1Kx3pmDRo4RY2rY-bHZj-g,cafe
ChIJJ1Kx3pmDRo4RY2rY-bHZj-g,meal_delivery
ChIJJ1Kx3pmDRo4RY2rY-bHZj-g,restaurant
ChIJJ1Kx3pmDRo4RY2rY-bHZj-g,store
ChIJj2r3I0WDRo4RYHUiF21IyrY,restaurant
ChIJj3W03rMpRI4RaR2zyy8Lvfc,night_club
ChIJj4kY_3yCRo4RtXd_eaTG0HU,restaurant
ChIJJ4UD2JCCRo4Rqdrzk9PSh5s,bakery
ChIJJ4UD2JCCRo4Rqdrzk9PSh5s,cafe
ChIJJ4UD2JCCRo4Rqdrzk9PSh5s,store
ChIJJb8mfF6CRo4RAn4DeBSEEKw,restaurant
ChIJjc07xC6DRo4RNKzApVz3-dk,bar
ChIJjc07xC6DRo4RNKzApVz3-dk,real_estate_agency
ChIJjc07xC6DRo4RNKzApVz3-dk,restaurant
ChIJjddanCkoRI4R4PVyTJnndow,bar
ChIJjddanCkoRI4R4PVyTJnndow,night_club
ChIJJdSSBysoRI4Rwvu2wvKKwro,bar
ChIJJdSSBysoRI4Rwvu2wvKKwro,cafe
ChIJJdSSBysoRI4Rwvu2wvKKwro,store
ChIJjdwuvk-CRo4RQ2NqyZ1gQyI,cafe
ChIJje-uctMpRI4RNEdCNbQlaO0,restaurant
ChIJJeJ3hYeCRo4RG2n0ZnLeQB0,bar
ChIJJeJ3hYeCRo4RG2n0ZnLeQB0,hair_care
ChIJJeJ3hYeCRo4RG2n0ZnLeQB0,health
ChIJJQPuCACDRo4RdVffa6rR1H8,bar
ChIJJQwF-CODRo4Rvjv7x5OslMo,bar
ChIJJSbnseWDRo4RySqAYmLav5M,restaurant
ChIJjSpbHvQpRI4RcOicgNc_pkY,bar
ChIJjSpbHvQpRI4RcOicgNc_pkY,night_club
ChIJjSpbHvQpRI4RcOicgNc_pkY,restaurant
ChIJJTEMeCkoRI4RUrz-xjhNnxw,restaurant
ChIJjUQH5isoRI4RVmFFYspiZUc,bar
ChIJjUQH5isoRI4RVmFFYspiZUc,meal_takeaway
ChIJjUQH5isoRI4RVmFFYspiZUc,restaurant
ChIJJxg9SkOCRo4R3NuAk7W7OwA,bar
ChIJJxg9SkOCRo4R3NuAk7W7OwA,meal_takeaway
ChIJJxg9SkOCRo4R3NuAk7W7OwA,restaurant
ChIJJXT6S1KDRo4Rj54z2Fy7lV8,bar
ChIJJYdqIVGCRo4RfNJ-QUNFcdU,bar
ChIJj_ZMfwCDRo4R1aTZHy9tPZk,bar
ChIJK0UkgSsoRI4RHI7i_GGuTlc,bar
ChIJK0UkgSsoRI4RHI7i_GGuTlc,hair_care
ChIJK0UkgSsoRI4RHI7i_GGuTlc,health
ChIJK0UkgSsoRI4RHI7i_GGuTlc,restaurant
ChIJk1ynQPApRI4RgvS6W3BLoiI,cafe
ChIJk1ynQPApRI4RgvS6W3BLoiI,store
ChIJK2DDLCgoRI4R_aN3lFV4NnM,bar
ChIJK2DDLCgoRI4R_aN3lFV4NnM,restaurant
ChIJk2m3QNCDRo4RB6FdjcJyU4s,cafe
ChIJk2m3QNCDRo4RB6FdjcJyU4s,store
ChIJk2_lGQCDRo4REyC4dBmH1jA,restaurant
ChIJK463XgCDRo4R70PSSSjwWoE,restaurant
ChIJK6uauFqCRo4RtBX50iSCCKk,bar
ChIJkanCAysoRI4R0dKxo0aY4iA,bar
ChIJkanCAysoRI4R0dKxo0aY4iA,grocery_or_supermarket
ChIJkanCAysoRI4R0dKxo0aY4iA,restaurant
ChIJkanCAysoRI4R0dKxo0aY4iA,store
ChIJkanCAysoRI4R0dKxo0aY4iA,supermarket
ChIJkc8FB2SCRo4RbG7PmW3Nanc,restaurant
ChIJkd6DUwCDRo4RqNmQlswvTEE,bar
ChIJkd6DUwCDRo4RqNmQlswvTEE,restaurant
ChIJKRe0xTApRI4RbiuNLA9zxqA,bar
ChIJkRmPZ36CRo4RL868OKKj5O0,bakery
ChIJkRmPZ36CRo4RL868OKKj5O0,cafe
ChIJkRmPZ36CRo4RL868OKKj5O0,store
ChIJKRZVxRCDRo4RyE4Hlc2ZFik,restaurant
ChIJkSCnaA2DRo4R9IBx8qsin8c,restaurant
ChIJkTv2eE2DRo4RqqaGDwLHyW4,bar
ChIJkTv2eE2DRo4RqqaGDwLHyW4,restaurant
ChIJkwDtSTAoRI4RRUhBQcXkDLc,museum
ChIJkWmO1w4pRI4RJ_Ez8Fw5es8,bar
ChIJkWmO1w4pRI4RJ_Ez8Fw5es8,night_club
ChIJkWmO1w4pRI4RJ_Ez8Fw5es8,restaurant
ChIJkWqLUH2CRo4RRB7-404wLfc,bakery
ChIJkWqLUH2CRo4RRB7-404wLfc,cafe
ChIJkWqLUH2CRo4RRB7-404wLfc,restaurant
ChIJkWqLUH2CRo4RRB7-404wLfc,store
ChIJKWSYQyooRI4R307P6B69Au4,restaurant
ChIJKXCKicCCRo4RNeZ5yxqboao,restaurant
ChIJkyagYVeDRo4RC7M3JyBZGDQ,bar
ChIJkyagYVeDRo4RC7M3JyBZGDQ,restaurant
ChIJKyHN30iDRo4RBw8QXUCDeks,bar
ChIJKyjx6l6DRo4RhotCe_zTBE8,bar
ChIJKyjx6l6DRo4RhotCe_zTBE8,restaurant
ChIJkz51dKyDRo4R2L59fkrsn-4,restaurant
ChIJl-y8bSmDRo4ROHnyEe_keCU,bakery
ChIJl-y8bSmDRo4ROHnyEe_keCU,cafe
ChIJl-y8bSmDRo4ROHnyEe_keCU,store
ChIJL20-XTqDRo4RAiHT3W38-fs,cafe
ChIJL2D2OPSDRo4RB1Elx3TpDho,bar
ChIJL2D2OPSDRo4RB1Elx3TpDho,restaurant
ChIJL2D2OPSDRo4RB1Elx3TpDho,store
ChIJL2Ky_CkoRI4R1CC4nQz0Tis,bar
ChIJL2Ky_CkoRI4R1CC4nQz0Tis,night_club
ChIJl2re1DqDRo4R65jGCmER3YA,restaurant
ChIJl2V06ikoRI4Ra0Ip3Z4uDw4,restaurant
ChIJl302sCsoRI4RSU8hSwFKcsU,cafe
ChIJl3lgkm6DRo4RBikO1ln8MMc,restaurant
ChIJL4kQfZqCRo4RkW_IjYAHdJI,restaurant
ChIJL5a-NZ8pRI4RGD8FI8oeYjE,cafe
ChIJL5a-NZ8pRI4RGD8FI8oeYjE,store
ChIJl5jUNVCCRo4RCVUjyAwHohU,bar
ChIJL64b5G0pRI4R2i1uh4o-JP4,bakery
ChIJL64b5G0pRI4R2i1uh4o-JP4,cafe
ChIJL64b5G0pRI4R2i1uh4o-JP4,store
ChIJl6skiWSDRo4R-smWgjKj9R8,night_club
ChIJl6TBMpuCRo4R7MllozA8sSE,restaurant
ChIJl7nlQZqCRo4RueNMl8xISLk,restaurant
ChIJl7RiiwODRo4RaLbEN2QRYAo,night_club
ChIJl8MoU_GCRo4RIpkk2W6OyPE,restaurant
ChIJL9t719ODRo4RaYGLMPveOF0,cafe
ChIJL9t719ODRo4RaYGLMPveOF0,store
ChIJlakCiV6CRo4RszHae8A3TLE,restaurant
ChIJlakCiV6CRo4RvlAI5PR70v4,restaurant
ChIJLauZTACDRo4RmXjPmQQZSoc,restaurant
ChIJleYNfoKCRo4RKigUFk_25MU,night_club
ChIJLQah9HUpRI4RbR62aD3RQKw,bar
ChIJLQah9HUpRI4RbR62aD3RQKw,night_club
ChIJlR_YojyDRo4RB21_jpKqvyQ,bar
ChIJlR_YojyDRo4RB21_jpKqvyQ,restaurant
ChIJlVKHS4aDRo4RSHxr4RgfCR8,cafe
ChIJlVKHS4aDRo4RSHxr4RgfCR8,restaurant
ChIJlVKHS4aDRo4RSHxr4RgfCR8,store
ChIJlVNCHCkoRI4Rq-qPI_bLfZ0,restaurant
ChIJlVzqqCsoRI4RHqtx-IJvdD0,park
ChIJlVzqqCsoRI4RHqtx-IJvdD0,tourist_attraction
ChIJLWa4HfSCRo4RSXXvkonsRaE,bakery
ChIJLWa4HfSCRo4RSXXvkonsRaE,cafe
ChIJLWa4HfSCRo4RSXXvkonsRaE,grocery_or_supermarket
ChIJLWa4HfSCRo4RSXXvkonsRaE,home_goods_store
ChIJLWa4HfSCRo4RSXXvkonsRaE,liquor_store
ChIJLWa4HfSCRo4RSXXvkonsRaE,store
ChIJlwUxLAApRI4RS_YXNSpbg4w,night_club
ChIJlwuYoYWCRo4R2-y19bTmbVE,restaurant
ChIJLX33bgCDRo4R9Ga1pePx7Kg,cafe
ChIJLX33bgCDRo4R9Ga1pePx7Kg,store
ChIJLyIpgY6DRo4Rq0pV1K3WC-s,restaurant
ChIJLywvnNqDRo4Ri6wiJRvnufg,restaurant
ChIJl_9IR0ooRI4REhPnNA8Qmxc,restaurant
ChIJl_ZrVH2CRo4RCvBEFPiWjPA,restaurant
ChIJm14ioykoRI4Rf82f2WVhROQ,restaurant
ChIJM16TDSgoRI4RuMM76eK275g,cafe
ChIJM1ANV3iCRo4RqAX43UvflxM,restaurant
ChIJM1b_dI8pRI4R7-ZfNQe9X8M,bar
ChIJM1b_dI8pRI4R7-ZfNQe9X8M,cafe
ChIJM1b_dI8pRI4R7-ZfNQe9X8M,night_club
ChIJM1b_dI8pRI4R7-ZfNQe9X8M,restaurant
ChIJM1b_dI8pRI4R7-ZfNQe9X8M,store
ChIJM1ouySsoRI4RSQ0PWE7IcW8,bar
ChIJm1sHZGaCRo4RvNbBArmqNCE,night_club
ChIJm5ka0tkpRI4R3zIDtFU66bw,park
ChIJM5YMRACDRo4RQMV0qWvNVjg,restaurant
ChIJM6GwlN4pRI4RIdnfSVlrpm8,bar
ChIJM6GwlN4pRI4RIdnfSVlrpm8,cafe
ChIJM6GwlN4pRI4RIdnfSVlrpm8,liquor_store
ChIJM6GwlN4pRI4RIdnfSVlrpm8,store
ChIJM6qKeF6CRo4RW0DVnj-SmHY,museum
ChIJM6qKeF6CRo4RW0DVnj-SmHY,tourist_attraction
ChIJm8ANn7qDRo4RAxJ_Nqz7z3w,restaurant
ChIJm94PAScoRI4Rc1ZSWWslPD0,bakery
ChIJm94PAScoRI4Rc1ZSWWslPD0,cafe
ChIJm94PAScoRI4Rc1ZSWWslPD0,grocery_or_supermarket
ChIJm94PAScoRI4Rc1ZSWWslPD0,home_goods_store
ChIJm94PAScoRI4Rc1ZSWWslPD0,liquor_store
ChIJm94PAScoRI4Rc1ZSWWslPD0,store
ChIJMa1lYCApRI4ROuKY-Yfgt-c,restaurant
ChIJmb6r4QmDRo4RTwOn0uMxLBU,bakery
ChIJmb6r4QmDRo4RTwOn0uMxLBU,cafe
ChIJmb6r4QmDRo4RTwOn0uMxLBU,store
ChIJMdsrGgCDRo4RGHz-EAYZINo,cafe
ChIJMdsrGgCDRo4RGHz-EAYZINo,store
ChIJMeYuysUpRI4Ru3-QQynAgLo,bar
ChIJMeYuysUpRI4Ru3-QQynAgLo,cafe
ChIJMeYuysUpRI4Ru3-QQynAgLo,night_club
ChIJMeYuysUpRI4Ru3-QQynAgLo,store
ChIJmfg1EoeCRo4RXA6XMBr5L5w,restaurant
ChIJMfs99yWDRo4R_sCGjYV5ybs,restaurant
ChIJmQ4BR2WCRo4RTbIu8uDwb60,meal_delivery
ChIJmQ4BR2WCRo4RTbIu8uDwb60,meal_takeaway
ChIJmQ4BR2WCRo4RTbIu8uDwb60,restaurant
ChIJMTC5CZCCRo4RYJ-r1nfGhYA,park
ChIJmTkF_VqCRo4RlnATSCRz1Uw,restaurant
ChIJmUJ8wFMpRI4RcxSPohQ6w0o,cafe
ChIJmUJ8wFMpRI4RcxSPohQ6w0o,store
ChIJMViDp9UpRI4R9Dh_93oMMr4,park
ChIJMWcrNSooRI4RttaBkHaAU2A,bar
ChIJMx5wFQCDRo4RmhL_D9pd274,restaurant
ChIJMxPe_VqCRo4RXE0RAYIeimM,restaurant
ChIJMY3zaACDRo4Rh-aBVG6pr7M,restaurant
ChIJmyfHJngpRI4RLQG7fWFfH_I,cafe
ChIJmyfHJngpRI4RLQG7fWFfH_I,restaurant
ChIJmyfHJngpRI4RLQG7fWFfH_I,store
ChIJmYGXijYpRI4RLIdtfbjP5TA,bar
ChIJmYGXijYpRI4RLIdtfbjP5TA,night_club
ChIJMYoK7CkoRI4RLhu_83ABWOs,restaurant
ChIJmyzNaAApRI4RGQCLbGUE4s4,bar
ChIJmZA2DSooRI4RztUPtw8cBUs,park
ChIJmZA2DSooRI4RztUPtw8cBUs,tourist_attraction
ChIJMZu3Ww6DRo4RdOugw2HeoCc,bar
ChIJMZu3Ww6DRo4RdOugw2HeoCc,meal_delivery
ChIJMZu3Ww6DRo4RdOugw2HeoCc,restaurant
ChIJMZzQ-46DRo4RMcC9hras8Ks,restaurant
ChIJn-nbAqIpRI4R5HUwUGPQJbY,cafe
ChIJN0E_xk8pRI4RWgAyTOaC5j0,bar
ChIJN0E_xk8pRI4RWgAyTOaC5j0,clothing_store
ChIJN0E_xk8pRI4RWgAyTOaC5j0,night_club
ChIJN0E_xk8pRI4RWgAyTOaC5j0,store
ChIJN2RypIyDRo4RDyk1OJAyeys,cafe
ChIJN2RypIyDRo4RDyk1OJAyeys,store
ChIJN5YYkiYoRI4R9kP-eY47SyM,meal_delivery
ChIJN5YYkiYoRI4R9kP-eY47SyM,meal_takeaway
ChIJN5YYkiYoRI4R9kP-eY47SyM,restaurant
ChIJN6H1SUODRo4RYGnL16kT67Y,bar
ChIJN6H1SUODRo4RYGnL16kT67Y,beauty_salon
ChIJN6H1SUODRo4RYGnL16kT67Y,hair_care
ChIJN6H1SUODRo4RYGnL16kT67Y,spa
ChIJN75g9A4pRI4RbCNgY0FdF0o,bar
ChIJN75g9A4pRI4RbCNgY0FdF0o,restaurant
ChIJnagsMd-DRo4R_IXq9oeCRZo,art_gallery
ChIJNaPiDwApRI4RqBFJBku2dZ8,bar
ChIJNcLbwRiDRo4R36pCpcw1f8o,restaurant
ChIJneh4Z36CRo4RG3Jcsfmgwr0,cafe
ChIJnf-ZdywoRI4R7dkK1gtgwJQ,restaurant
ChIJnf0ADK8pRI4R2z96vokqQqs,bar
ChIJnfrkk66DRo4RX3bqOHwH26o,bar
ChIJnfrkk66DRo4RX3bqOHwH26o,beauty_salon
ChIJnfrkk66DRo4RX3bqOHwH26o,hair_care
ChIJnfrkk66DRo4RX3bqOHwH26o,health
ChIJnfrkk66DRo4RX3bqOHwH26o,night_club
ChIJnfrkk66DRo4RX3bqOHwH26o,store
ChIJnQE-vykoRI4R_Sct3ti33yw,restaurant
ChIJNRdSXiooRI4RgllItKQPRKE,bar
ChIJNRdSXiooRI4RgllItKQPRKE,restaurant
ChIJNSGE7GiDRo4Rc54PzwqWF4M,cafe
ChIJNSGE7GiDRo4Rc54PzwqWF4M,store
ChIJNSJzN-WDRo4RZWJVNVkrtNE,restaurant
ChIJNTCjGsopRI4RfdmTp7Byyqw,cafe
ChIJNTCjGsopRI4RfdmTp7Byyqw,store
ChIJnUfnagApRI4RJIa2xWpe85Q,bar
ChIJNV_BVFqCRo4RqG7NaqT6juc,bar
ChIJNwlQASkoRI4RLE2RqbGpVP0,bar
ChIJNwlQASkoRI4RLE2RqbGpVP0,restaurant
ChIJnyth2XWDRo4RkHT4sxLNt6M,restaurant
ChIJnyzL0acpRI4R2_F9_9BiyG4,art_gallery
ChIJNYzRsMopRI4RXlnBjAQKyV8,restaurant
ChIJNzTxZSkoRI4RnVwOZVYvmPE,bar
ChIJNzTxZSkoRI4RnVwOZVYvmPE,restaurant
ChIJN_4hjFCCRo4Rd9KhqeplGxk,bar
ChIJO-bEzLIpRI4Rt7aoeA21b3c,bar
ChIJO-bEzLIpRI4Rt7aoeA21b3c,restaurant
ChIJO-LMTjQoRI4RcuIudDwVEog,night_club
ChIJo0WBeyqDRo4RjeweB36hosI,bar
ChIJo1OsZwiDRo4RTGgLYtGtpIc,cafe
ChIJo1OsZwiDRo4RTGgLYtGtpIc,store
ChIJO20C1xUpRI4RaRgIB28pSEw,bar
ChIJo3G1jWqDRo4R5zW6kq5aex0,cafe
ChIJo3G1jWqDRo4R5zW6kq5aex0,restaurant
ChIJo3G1jWqDRo4R5zW6kq5aex0,store
ChIJo3StlLWDRo4RjIUPVRagrsc,restaurant
ChIJO4q8_GUpRI4RGqPcSZDWwTI,restaurant
ChIJO4vv8CkoRI4Rd7Ozbr5zLy4,restaurant
ChIJo6LTayQpRI4RpH_3Dbx1GZE,cafe
ChIJo6LTayQpRI4RpH_3Dbx1GZE,store
ChIJO8JG3scpRI4RUnT-wFHGOW4,bar
ChIJO8JG3scpRI4RUnT-wFHGOW4,night_club
ChIJo8tsCnqCRo4RIghzuBj-AJc,bar
ChIJo8tsCnqCRo4RIghzuBj-AJc,restaurant
ChIJo98OQUODRo4RkpAYBcGIFo8,cafe
ChIJo98OQUODRo4RkpAYBcGIFo8,store
ChIJo9vauMspRI4RXaBimCirCNQ,bar
ChIJObQhRACDRo4RV8joZ_ucvrE,restaurant
ChIJOdR3EigoRI4RqEm62KpmcK8,restaurant
ChIJOdUc3iYpRI4RELtlbrBpzpo,cafe
ChIJOdUc3iYpRI4RELtlbrBpzpo,store
ChIJofSseCkoRI4RMfWvF7NCe60,restaurant
ChIJOQasl2SDRo4RJ8v_qliNMY0,restaurant
ChIJoSPYL_ODRo4RlvBntgGUe8o,bakery
ChIJoSPYL_ODRo4RlvBntgGUe8o,cafe
ChIJoSPYL_ODRo4RlvBntgGUe8o,restaurant
ChIJoSPYL_ODRo4RlvBntgGUe8o,store
ChIJOSYqC1CCRo4Rg0WHSZYKixw,restaurant
ChIJOwaKRygoRI4Rg9UpIyX2vyM,restaurant
ChIJoWVNemOCRo4RLBWmVOHGN7s,night_club
ChIJoWVNemOCRo4RLBWmVOHGN7s,restaurant
ChIJoXDbYvmCRo4RDd8luYzzzrk,restaurant
ChIJOytA9ikoRI4RggVGQbqwzJo,bar
ChIJOYYtO5qCRo4RH0G770rbH-s,bakery
ChIJOYYtO5qCRo4RH0G770rbH-s,cafe
ChIJOYYtO5qCRo4RH0G770rbH-s,restaurant
ChIJOYYtO5qCRo4RH0G770rbH-s,store
ChIJOYYtO5qCRo4RlbHn-uuLvq0,restaurant
ChIJoZ7VXgApRI4RfwWwkXxbzEc,night_club
ChIJoZgxCWWdRo4RgMCJH-Ixvts,restaurant
ChIJozJuzikoRI4RZNh3BFIPe9M,bar
ChIJozJuzikoRI4RZNh3BFIPe9M,night_club
ChIJozJuzikoRI4RZNh3BFIPe9M,restaurant
ChIJP-hrjkGDRo4RhwNbWN77YsU,restaurant
ChIJP-TRGgspRI4R11HJJ_TpGtM,bar
ChIJP-zv8MApRI4RwedEtAngQ4Y,bar
ChIJP02pqykoRI4RvKlsJnoyGQk,restaurant
ChIJP1_KlIeDRo4RaGmQYiGV_nw,bar
ChIJp2sMySsoRI4RA_nv42nsFyQ,night_club
ChIJp56E23uCRo4R_yjxhWKbW9w,cafe
ChIJP6hsPbMpRI4RQXTWI1U3MMo,art_gallery
ChIJp6qacJCCRo4R8OGO6Sx2IJc,restaurant
ChIJp7Ir3AKDRo4RGeh703KCTGQ,bar
ChIJp7Ir3AKDRo4RGeh703KCTGQ,night_club
ChIJpb0hWWKCRo4Rv2eH1NQLa9A,restaurant
ChIJpelYhSkoRI4Rsz32YGyANbU,night_club
ChIJpRTAL5WCRo4Rb6srbc_dvl0,restaurant
ChIJpS9BdYMpRI4RH09SbJOp29E,cafe
ChIJpS9BdYMpRI4RH09SbJOp29E,store
ChIJPTcNZX2CRo4RcQNjCANfnwA,bar
ChIJPTcNZX2CRo4RcQNjCANfnwA,restaurant
ChIJPTkiBEaDRo4RVARrpYHnawg,bar
ChIJpUGtZMeDRo4RZeGZyDNyXIg,restaurant
ChIJPUkeuBoig2cR3e-5dEO18zs,meal_delivery
ChIJPUkeuBoig2cR3e-5dEO18zs,restaurant
ChIJPWl1DdMpRI4RwyzznlpkjXg,restaurant
ChIJPxOEOOeDRo4R6keyRCgIkEw,cafe
ChIJPxOEOOeDRo4R6keyRCgIkEw,store
ChIJpxXDDYCCRo4R1pImTxrvrmE,cafe
ChIJPy871QspRI4RGwTXnbelEbo,restaurant
ChIJPzASj2gpRI4ROTUmlNIOi8Q,bar
ChIJPzASj2gpRI4ROTUmlNIOi8Q,night_club
ChIJpZHYeIEpRI4Rx7eo0c_HFLE,cafe
ChIJpZHYeIEpRI4Rx7eo0c_HFLE,store
ChIJQ-0nVxGDRo4R7bzPAef_LEU,meal_delivery
ChIJQ-0nVxGDRo4R7bzPAef_LEU,restaurant
ChIJQ-bduSkoRI4RVfjEZ1vXjzA,restaurant
ChIJq4jEeCkoRI4R_IJm3Ij5pQ8,restaurant
ChIJq4PE_SspRI4RgJJ_yjqbq24,bar
ChIJq4PE_SspRI4RgJJ_yjqbq24,night_club
ChIJq71gC0yDRo4RD0jMjvm4z8I,bar
ChIJq7oqvpuCRo4R7iXmsl0Rd8s,lodging
ChIJq7oqvpuCRo4R7iXmsl0Rd8s,restaurant
ChIJq7xW4_0pRI4RMv6jBvewVbM,night_club
ChIJq88p0BGDRo4RjIXNVrcZHRE,restaurant
ChIJQ9ATXcaDRo4RHaHDKtL4Vt0,cafe
ChIJq9iYrSGDRo4Re_QFHb28j60,bar
ChIJqae3MnmCRo4RZkBIWtVAJKo,park
ChIJqaje4yooRI4RvCYx4gNafls,bar
ChIJqaje4yooRI4RvCYx4gNafls,meal_delivery
ChIJqaje4yooRI4RvCYx4gNafls,restaurant
ChIJQcHvXSooRI4RbLGI9Dk2occ,restaurant
ChIJQcioJ3eDRo4R7huVPeBnmS4,bakery
ChIJQcioJ3eDRo4R7huVPeBnmS4,cafe
ChIJQcioJ3eDRo4R7huVPeBnmS4,grocery_or_supermarket
ChIJQcioJ3eDRo4R7huVPeBnmS4,store
ChIJQcKAh4MpRI4R3VCmghm2fx4,cafe
ChIJQcKAh4MpRI4R3VCmghm2fx4,store
ChIJqcunw8opRI4RCFJbG8mPDfg,restaurant
ChIJQdBvLU6CRo4RZH5flpMkZSo,park
ChIJqe6pDIeCRo4R2PbTOzes0ZI,bakery
ChIJqe6pDIeCRo4R2PbTOzes0ZI,cafe
ChIJqe6pDIeCRo4R2PbTOzes0ZI,store
ChIJQfi6MwCDRo4RFsr0EQAmljY,bar
ChIJqQavA_eDRo4R4q-Y5ID52Yg,restaurant
ChIJqQcmY8uDRo4R3QDU60BYGuY,bar
ChIJqSxPybmDRo4RMnhx8eRwFm8,restaurant
ChIJqTZjCwWDRo4RG5Ii7t1mCpI,cafe
ChIJqTZjCwWDRo4RG5Ii7t1mCpI,store
ChIJqU8lBykoRI4RoDkYQaFGHMk,art_gallery
ChIJQV464lcpRI4RiV0OSZAy5Hg,bar
ChIJqVKHHACDRo4RiaAgiHYSiPc,cafe
ChIJqVKHHACDRo4RiaAgiHYSiPc,store
ChIJqW--rVqCRo4RKy_F7XSsZWk,restaurant
ChIJQw3-rC-DRo4RDpri0PjfJtA,bar
ChIJqwzpOHCCRo4RRdhQ7-zvtrQ,cafe
ChIJQxolD-2DRo4R5l4HiHU12Ws,cafe
ChIJQxolD-2DRo4R5l4HiHU12Ws,store
ChIJQy_G1isoRI4Rf9kH3WMmiKs,restaurant
ChIJqz1cA3mCRo4RG_k6_B3X_5Y,restaurant
ChIJQZ6js1mDRo4RffkohzIHHNw,bar
ChIJq_5hWjKDRo4RRtXpQB0OjBA,cafe
ChIJq_5hWjKDRo4RRtXpQB0OjBA,store
ChIJr0QgegCDRo4Rrvxts9qnTtU,restaurant
ChIJR1fK7lwpRI4RnHbH23p-u3Q,bar
ChIJR1fK7lwpRI4RnHbH23p-u3Q,cafe
ChIJR1fK7lwpRI4RnHbH23p-u3Q,store
ChIJR4iWnmmDRo4RXn8RWnVEb34,restaurant
ChIJr4q-zViDRo4Rg_HbgdYH1jg,cafe
ChIJR5z4cXCCRo4R6ejVA2EAq58,cafe
ChIJR653YykoRI4RHXk_5ccus68,night_club
ChIJr6oOw1aDRo4RtPfPWMAjCzE,cafe
ChIJr6oOw1aDRo4RtPfPWMAjCzE,store
ChIJR7Exra-DRo4RQMfnj_NvG90,restaurant
ChIJR7hGsTYpRI4RklXPAEQgGhI,restaurant
ChIJR7xYFo2DRo4Rr3-pZW6Wv9M,bakery
ChIJR7xYFo2DRo4Rr3-pZW6Wv9M,cafe
ChIJR7xYFo2DRo4Rr3-pZW6Wv9M,grocery_or_supermarket
ChIJR7xYFo2DRo4Rr3-pZW6Wv9M,store
ChIJR7YzqziDRo4RIHDWwQgkBi4,bar
ChIJR7YzqziDRo4RIHDWwQgkBi4,liquor_store
ChIJR7YzqziDRo4RIHDWwQgkBi4,store
ChIJraqDUe2CRo4RUknaOj3n1po,restaurant
ChIJRbBXWyooRI4RtxSOhxEe_W4,restaurant
ChIJrfSKRPiDRo4RlU9bt4pzfk8,cafe
ChIJrfSKRPiDRo4RlU9bt4pzfk8,store
ChIJRQVcD4WCRo4Ra96_K-nOk94,restaurant
ChIJrR1wz4KDRo4RqnN-8M1NWh8,bar
ChIJrR1wz4KDRo4RqnN-8M1NWh8,school
ChIJrR1wz4KDRo4RqnN-8M1NWh8,store
ChIJRRg23-UpRI4R2a3j1gsnbvI,cafe
ChIJRRg23-UpRI4R2a3j1gsnbvI,store
ChIJrSlb6ywoRI4RO4FoKq8yEb0,art_gallery
ChIJrSlb6ywoRI4RO4FoKq8yEb0,store
ChIJrSLu00ooRI4RZYRdev05DTA,cafe
ChIJrSLu00ooRI4RZYRdev05DTA,store
ChIJrTvOsCsoRI4RXwbAMAHMMFs,park
ChIJRV2EH1CCRo4RjK-wxij6TO0,cafe
ChIJRVGuF5kpRI4Rl6-0g6G5PRI,restaurant
ChIJrXn0qmKCRo4RDl3Aky46Fl0,restaurant
ChIJrXn0qmKCRo4RDnsgl95l0q8,restaurant
ChIJrXn0qmKCRo4Rkz2_cYqKOUQ,restaurant
ChIJrXn0qmKCRo4RtUfCtt0IvHg,cafe
ChIJrXn0qmKCRo4RuI3e2yIcAjU,restaurant
ChIJrXn0qmKCRo4RyX-E4GW8oAo,restaurant
ChIJrZawviooRI4RSzUuHINXVEM,bar
ChIJrZawviooRI4RSzUuHINXVEM,restaurant
ChIJrzRy1SODRo4RuT4SdFgVSvE,bar
ChIJrzRy1SODRo4RuT4SdFgVSvE,restaurant
ChIJr_1HmnSDRo4RYrlAhtsXkPc,bar
ChIJr_GuTYIpRI4RC-JCt5valas,night_club
ChIJS0G499MpRI4Rz34c4PGZeEk,cafe
ChIJS0TIRUODRo4RzlyAQHqvGq8,cafe
ChIJS0TIRUODRo4RzlyAQHqvGq8,store
ChIJS5oae5spRI4RDuRPWzU2iEo,bar
ChIJS5oae5spRI4RDuRPWzU2iEo,restaurant
ChIJs5sxo5gpRI4RfXCHYrta2_A,night_club
ChIJS5yKUxaDRo4RwyHQBcEnOgQ,night_club
ChIJS7-eEgCDRo4RN5V5tB-76fQ,restaurant
ChIJs8P7iFuCRo4RFOTECBkKOi0,meal_delivery
ChIJs8P7iFuCRo4RFOTECBkKOi0,meal_takeaway
ChIJs8P7iFuCRo4RFOTECBkKOi0,restaurant
ChIJs8P7iFuCRo4Rs-eY3nDiwyY,bar
ChIJs8P7iFuCRo4Rs-eY3nDiwyY,restaurant
ChIJs9B25oCDRo4RtMUnE79AmAM,cafe
ChIJs9B25oCDRo4RtMUnE79AmAM,store
ChIJs9dTiXeCRo4RaWpC-kXhAGc,cafe
ChIJs9dTiXeCRo4RaWpC-kXhAGc,clothing_store
ChIJs9dTiXeCRo4RaWpC-kXhAGc,store
ChIJS9fP89MpRI4REyqGqBrEqxE,cafe
ChIJsa7gqB6DRo4RiK8EJGawaW4,bakery
ChIJsa7gqB6DRo4RiK8EJGawaW4,cafe
ChIJsa7gqB6DRo4RiK8EJGawaW4,restaurant
ChIJsa7gqB6DRo4RiK8EJGawaW4,store
ChIJSbUdaZYpRI4RonopNzcPU6Y,bakery
ChIJSbUdaZYpRI4RonopNzcPU6Y,cafe
ChIJSbUdaZYpRI4RonopNzcPU6Y,store
ChIJscefoPiDRo4RJ79Id6MXb08,bar
ChIJscefoPiDRo4RJ79Id6MXb08,restaurant
ChIJScnOpmKCRo4R31pP-xQso7Q,restaurant
ChIJScnOpmKCRo4RxTZlWm_NWWE,restaurant
ChIJsdK0_yooRI4R3SLRo1_xQQ8,bar
ChIJsdK0_yooRI4R3SLRo1_xQQ8,restaurant
ChIJserCBsEpRI4RYInu9NWueA4,restaurant
ChIJSetZKUcpRI4RWWPqiekep3g,night_club
ChIJSezdgTCDRo4RD8JK6nxlrVY,cafe
ChIJSezdgTCDRo4RD8JK6nxlrVY,store
ChIJSfsL_yqDRo4RmmY7tkTBksc,cafe
ChIJSfsL_yqDRo4RmmY7tkTBksc,restaurant
ChIJSfsL_yqDRo4RmmY7tkTBksc,store
ChIJsQJ-LygoRI4RWN1LubA4Gi0,bar
ChIJsRE2JJ2CRo4R6pPcVYMTF0s,restaurant
ChIJSRyKadUpRI4R_01beJ7Eg9U,cafe
ChIJsSHyQ-2DRo4Rm1UYJ6JLJOU,bar
ChIJSSsbfpqCRo4RCguATYjLpPE,restaurant
ChIJsTv_FAApRI4R63IqDdNtatQ,night_club
ChIJsUcV35wpRI4RTQAOnNxXMoU,bar
ChIJSUJ2-CkoRI4RfVfQUpRx2D8,bar
ChIJsVkiDQCDRo4RlrD9dDgbsC8,restaurant
ChIJSVxrozcpRI4RwB7kqjCCLiA,bar
ChIJsWF2tHiDRo4RLF4PHOhgZJg,cafe
ChIJsWF2tHiDRo4RLF4PHOhgZJg,store
ChIJswgKJigoRI4RGCJbY4uUwKM,bakery
ChIJswgKJigoRI4RGCJbY4uUwKM,cafe
ChIJswgKJigoRI4RGCJbY4uUwKM,store
ChIJSXBfX5SDRo4Rz1y6_MwQR8E,cafe
ChIJSXBfX5SDRo4Rz1y6_MwQR8E,hair_care
ChIJSXBfX5SDRo4Rz1y6_MwQR8E,health
ChIJSXBfX5SDRo4Rz1y6_MwQR8E,store
ChIJsxJ2mvopRI4RSJRPAauTVyQ,cafe
ChIJsxJ2mvopRI4RSJRPAauTVyQ,restaurant
ChIJsxJ2mvopRI4RSJRPAauTVyQ,store
ChIJsXXtIVCCRo4R1qhHaal0DAY,bar
ChIJsXXtIVCCRo4R1qhHaal0DAY,restaurant
ChIJsXz_ac8pRI4RtCiBUgbjJA4,restaurant
ChIJsyHxTCooRI4R9ODXu8CzWKk,restaurant
ChIJSZCXciooRI4RjGEaM_NjbUY,park
ChIJSZCXciooRI4RjGEaM_NjbUY,tourist_attraction
ChIJsZjS7iyDRo4RzacBjhkk1Us,restaurant
ChIJs_2VF9WDRo4R8f3YJD1Hrbg,restaurant
ChIJS_8hoYWCRo4RofpfNHKRn6s,restaurant
ChIJS_n-Lu6CRo4Rm43uxvIc0gM,bar
ChIJT078l0ooRI4RTmFlut2ay1Q,restaurant
ChIJt0yfAEuDRo4RPevi1aRtLZM,restaurant
ChIJT2MahoeCRo4R2SDRi_WAVx8,bar
ChIJT2MahoeCRo4R2SDRi_WAVx8,cafe
ChIJT2MahoeCRo4R2SDRi_WAVx8,restaurant
ChIJT2MahoeCRo4R2SDRi_WAVx8,store
ChIJT2yUulqCRo4RJq-0C_2DOoE,restaurant
ChIJT2yUulqCRo4ROhYMUPhuH-c,restaurant
ChIJT3L2LSgoRI4RD5Sz6IBS9Jg,bar
ChIJT3L2LSgoRI4RD5Sz6IBS9Jg,night_club
ChIJt6MPTWiDRo4RIXgp0TAT5Js,bar
ChIJt6MPTWiDRo4RIXgp0TAT5Js,restaurant
ChIJt7RRBACDRo4RkUJx3ptrDv0,restaurant
ChIJt7Uma0QpRI4Rxtj6mVicZRI,bar
ChIJt7Uma0QpRI4Rxtj6mVicZRI,liquor_store
ChIJt7Uma0QpRI4Rxtj6mVicZRI,meal_takeaway
ChIJt7Uma0QpRI4Rxtj6mVicZRI,restaurant
ChIJt7Uma0QpRI4Rxtj6mVicZRI,store
ChIJt8BosqIpRI4RA8jbL1mMe7U,bar
ChIJt8BosqIpRI4RA8jbL1mMe7U,cafe
ChIJt8BosqIpRI4RA8jbL1mMe7U,restaurant
ChIJT9CXxCkoRI4RWgx0fHHVU50,night_club
ChIJt9rRb5CCRo4RTxu_g-Ew9rk,restaurant
ChIJT9WTyLUpRI4RyWNJJDQIZS0,museum
ChIJtc2a5jWDRo4RUx7hx24us1I,bakery
ChIJtc2a5jWDRo4RUx7hx24us1I,restaurant
ChIJtc2a5jWDRo4RUx7hx24us1I,store
ChIJTc31lmWDRo4RX46tBBMmIBk,restaurant
ChIJtdtC-VSDRo4RJXAUPQT1FrU,restaurant
ChIJTf-Z-7cpRI4RMEzpHOtuf30,bakery
ChIJTf-Z-7cpRI4RMEzpHOtuf30,cafe
ChIJTf-Z-7cpRI4RMEzpHOtuf30,lodging
ChIJTf-Z-7cpRI4RMEzpHOtuf30,restaurant
ChIJTf-Z-7cpRI4RMEzpHOtuf30,store
ChIJtfaVsykoRI4RR8T4itvm_sI,restaurant
ChIJTfLutS-DRo4ROEzfxM1FOO4,restaurant
ChIJtfPEQQApRI4RiR7eXdCINvE,bakery
ChIJtfPEQQApRI4RiR7eXdCINvE,bar
ChIJtfPEQQApRI4RiR7eXdCINvE,cafe
ChIJtfPEQQApRI4RiR7eXdCINvE,restaurant
ChIJtfPEQQApRI4RiR7eXdCINvE,store
ChIJtRbkDZmDRo4RQf0VrMhaMyE,restaurant
ChIJtSAFdMyDRo4RabrtgX0wiM4,park
ChIJTScmHo-DRo4Rd0dWyKMBlMY,restaurant
ChIJTSVNfV6CRo4R0vzE-PdaNTc,bar
ChIJTSVNfV6CRo4R0vzE-PdaNTc,restaurant
ChIJTSVNfV6CRo4R9_xKeffr-HY,restaurant
ChIJTSVNfV6CRo4Rr3_4xcu-fCg,restaurant
ChIJTU59UHmCRo4RUZILhmldap4,cafe
ChIJTUpOkEopRI4Rmf4C8p4P6Kw,bar
ChIJTUpOkEopRI4Rmf4C8p4P6Kw,cafe
ChIJTUpOkEopRI4Rmf4C8p4P6Kw,restaurant
ChIJTUpOkEopRI4Rmf4C8p4P6Kw,store
ChIJtwHN8ikoRI4RMa_dp1c7v-Y,bar
ChIJtWHUm2eDRo4REiwKSDrSgqE,bar
ChIJTWMtGACDRo4RA5WUvF7JbGs,cafe
ChIJTWMtGACDRo4RA5WUvF7JbGs,store
ChIJtX6yCzWDRo4RcjS6OcVJbqE,restaurant
ChIJTx_4TEWCRo4RgiWE-V8oTfs,bar
ChIJTx_4TEWCRo4RgiWE-V8oTfs,restaurant
ChIJtY-BXCooRI4RXsB2lfZfp-8,night_club
ChIJTy8eZ68pRI4RDvZtqSR2gJA,night_club
ChIJtySW60IpRI4RIm0cFE7mGIw,restaurant
ChIJtZ1J7hmDRo4RaeKrGkYxUQ4,cafe
ChIJtZ1J7hmDRo4RaeKrGkYxUQ4,store
ChIJtz4QCq2DRo4RPTvCHrnPe4Y,restaurant
ChIJTZ5mDykoRI4RRiEZQOVDEF4,art_gallery
ChIJu0ykRZiDRo4RRnOTQ7vv4uc,cafe
ChIJu0ykRZiDRo4RRnOTQ7vv4uc,store
ChIJu1S3mRGDRo4RYTzHxD05O-c,night_club
ChIJu3laDjQpRI4RtcKbYzCWV3A,bar
ChIJu3laDjQpRI4RtcKbYzCWV3A,night_club
ChIJu3laDjQpRI4RtcKbYzCWV3A,store
ChIJU50sCyUoRI4RXRFASyqT-fs,bar
ChIJU50sCyUoRI4RXRFASyqT-fs,restaurant
ChIJu6cOkysoRI4R0Wbs0f7s87c,cafe
ChIJu6FXgikoRI4RLxASE9Snyas,bar
ChIJu6meigmDRo4RTA5SONNdkSk,restaurant
ChIJu6Re83yCRo4RGxQcU3hQb9Q,restaurant
ChIJU7X4etUpRI4RSn0PqqGVIEE,restaurant
ChIJu9eB-wgpRI4RnLZpBzmnoss,bar
ChIJU9oAJTaDRo4RIyKHzZUN_sk,bar
ChIJU9oAJTaDRo4RIyKHzZUN_sk,restaurant
ChIJucEjKAApRI4RNuv_5Ok44q8,bar
ChIJuQuxPR2DRo4R9OnJ1y9rfUQ,cafe
ChIJuQuxPR2DRo4R9OnJ1y9rfUQ,store
ChIJUQWtieODRo4RpuyiFPkp4rE,restaurant
ChIJuUJXWACDRo4RFZEjueA9IE0,bar
ChIJux65Y_opRI4RZcdWo_gHT_4,bar
ChIJux65Y_opRI4RZcdWo_gHT_4,restaurant
ChIJux88FNGDRo4Rae3DMgTwmOU,restaurant
ChIJuxiD_pqDRo4RvdO0AlDUvU0,restaurant
ChIJuxJyJlspRI4RvPy529-0Odc,night_club
ChIJUxt8QQCDRo4RCOe4QgsjhOI,restaurant
ChIJuzstO-wpRI4R9pJ38O-rTIs,restaurant
ChIJuzt6qbSDRo4RULYtPVde69g,restaurant
ChIJU_ZCFMODRo4RHsCUMjgbErg,cafe
ChIJU_ZCFMODRo4RHsCUMjgbErg,restaurant
ChIJU_ZCFMODRo4RHsCUMjgbErg,store
ChIJv-C1cYqDRo4RLugG9U0cWyY,restaurant
ChIJV1VVVSEoRI4RFb1kIAZez5U,bar
ChIJV1VVVSEoRI4RFb1kIAZez5U,laundry
ChIJV1VVVSEoRI4RFb1kIAZez5U,lodging
ChIJV1VVVSEoRI4RFb1kIAZez5U,travel_agency
ChIJv4w08f-DRo4RqNxG3dUDyaE,restaurant
ChIJv70coTMpRI4R8tmgCth2QoA,night_club
ChIJv8eiMdeDRo4RikR-tBIF6MU,cafe
ChIJv8eiMdeDRo4RikR-tBIF6MU,restaurant
ChIJv8eiMdeDRo4RikR-tBIF6MU,store
ChIJv8oYgY-CRo4RqoaVAqpF4RA,restaurant
ChIJV9vDctMpRI4RM_Xztsw8uaw,bar
ChIJV9vDctMpRI4RM_Xztsw8uaw,restaurant
ChIJva1Lfn2CRo4R8K6z41q2Jog,bar
ChIJva1Lfn2CRo4R8K6z41q2Jog,meal_delivery
ChIJva1Lfn2CRo4R8K6z41q2Jog,meal_takeaway
ChIJva1Lfn2CRo4R8K6z41q2Jog,restaurant
ChIJVbBXf4-CRo4Rx7FzvsflVH8,grocery_or_supermarket
ChIJVbBXf4-CRo4Rx7FzvsflVH8,restaurant
ChIJVbBXf4-CRo4Rx7FzvsflVH8,store
ChIJVbBXf4-CRo4Rx7FzvsflVH8,supermarket
ChIJVbFQXd6DRo4RTu4Sn5iW29c,bar
ChIJVdSEKSgoRI4RK9bxFZEos5g,bar
ChIJVdSEKSgoRI4RK9bxFZEos5g,cafe
ChIJVf7Pb6kpRI4R2NFITwL29WE,bar
ChIJVf7Pb6kpRI4R2NFITwL29WE,night_club
ChIJVRx8aYGDRo4RadUOFvDcLfg,restaurant
ChIJVStxs2aCRo4RL8RhIRgvxgM,restaurant
ChIJvUdRdDUpRI4RxS3if723jDA,cafe
ChIJvUdRdDUpRI4RxS3if723jDA,store
ChIJvUjswigoRI4R5_Va8GYd5K8,bar
ChIJvUjswigoRI4R5_Va8GYd5K8,restaurant
ChIJVwDKItQpRI4RZvbq6VK5yfA,restaurant
ChIJVwgD1SsoRI4RBTMV2PbKWpw,restaurant
ChIJVwQbo32CRo4RZhxxzsXXqMA,bakery
ChIJVwQbo32CRo4RZhxxzsXXqMA,cafe
ChIJVwQbo32CRo4RZhxxzsXXqMA,grocery_or_supermarket
ChIJVwQbo32CRo4RZhxxzsXXqMA,home_goods_store
ChIJVwQbo32CRo4RZhxxzsXXqMA,liquor_store
ChIJVwQbo32CRo4RZhxxzsXXqMA,store
ChIJvwudhpqCRo4RWxlu2KT4ocw,restaurant
ChIJvWwF2TYpRI4RcNDpRujvyW4,night_club
ChIJVXMcLCgoRI4RXngpIqnJQCg,bar
ChIJVXMcLCgoRI4RXngpIqnJQCg,liquor_store
ChIJVXMcLCgoRI4RXngpIqnJQCg,restaurant
ChIJVXMcLCgoRI4RXngpIqnJQCg,store
ChIJvxOXq2KCRo4RmtZqjgLkdjg,bar
ChIJVXpuG70pRI4RoISSy3HfRMQ,bar
ChIJVXpuG70pRI4RoISSy3HfRMQ,night_club
ChIJVXpuG70pRI4RoISSy3HfRMQ,restaurant
ChIJv_zQvCwoRI4ReQ-QOFdCAnQ,bar
ChIJv_zQvCwoRI4ReQ-QOFdCAnQ,lodging
ChIJv_zQvCwoRI4ReQ-QOFdCAnQ,restaurant
ChIJv_zQvCwoRI4ReQ-QOFdCAnQ,travel_agency
ChIJW-HwGGmDRo4RSm_AoKID-AM,cafe
ChIJW-HwGGmDRo4RSm_AoKID-AM,meal_takeaway
ChIJW-HwGGmDRo4RSm_AoKID-AM,restaurant
ChIJW-HwGGmDRo4RSm_AoKID-AM,store
ChIJw-SK9J2DRo4RD0ogy1ICfjg,restaurant
ChIJW0lWUouDRo4RLmQclchr2ZY,bar
ChIJW0lWUouDRo4RLmQclchr2ZY,liquor_store
ChIJW0lWUouDRo4RLmQclchr2ZY,store
ChIJw2oVO2cpRI4RaKpKm-nmBu0,night_club
ChIJW2qh7MopRI4RhjTYVmS5jfk,art_gallery
ChIJW2uOoIWCRo4R9E1VjqPWb78,restaurant
ChIJW2uOoIWCRo4RevIi9VjsZVc,restaurant
ChIJw4BMimspRI4RxFhvEyXy83s,night_club
ChIJw4WIo16CRo4RrRgDBjSpN0k,bar
ChIJw4WIo16CRo4RrRgDBjSpN0k,cafe
ChIJW5-FgWOCRo4Rxv1oT3ijjg4,restaurant
ChIJw5P6KnqCRo4RYWABLkx1xs4,cafe
ChIJW7rSIlCCRo4RnQ6XOAc65XE,art_gallery
ChIJWaUbaSsoRI4RTmDGUlaHswU,bar
ChIJWaUbaSsoRI4RTmDGUlaHswU,meal_delivery
ChIJWaUbaSsoRI4RTmDGUlaHswU,restaurant
ChIJWaUbaSsoRI4RTmDGUlaHswU,store
ChIJwazk_JaDRo4RBulSi-FlMvA,cafe
ChIJwazk_JaDRo4RBulSi-FlMvA,store
ChIJwcJRxVAoRI4RuBXFHh-sp1k,night_club
ChIJWcO8SQCDRo4Rr7POpA_Wmn0,park
ChIJWd_pP_yDRo4RotZJtbbf_cM,bar
ChIJWeTXh4eCRo4R5aqg5CgjoF8,bakery
ChIJWeTXh4eCRo4R5aqg5CgjoF8,cafe
ChIJWeTXh4eCRo4R5aqg5CgjoF8,store
ChIJWQ3xLQApRI4R1XC-dpDws3w,cafe
ChIJWQ3xLQApRI4R1XC-dpDws3w,store
ChIJWRRLeikoRI4RcUStimXi4S4,art_gallery
ChIJWSLB1HUpRI4RF8Z3vylG-To,cafe
ChIJWSLB1HUpRI4RF8Z3vylG-To,store
ChIJwUIgSV-CRo4R-WgruHyp8pQ,restaurant
ChIJwUvxHZmDRo4Ro0boJlLSmmI,restaurant
ChIJWUzZko8pRI4RsbapObKGDQE,cafe
ChIJWUzZko8pRI4RsbapObKGDQE,store
ChIJwV-K7ykoRI4RpowJ70XaQ50,night_club
ChIJWVMb6SAoRI4R6uXR9jw7ETs,restaurant
ChIJWWiasuKDRo4RELHDiH8VMtg,bar
ChIJWWiasuKDRo4RELHDiH8VMtg,restaurant
ChIJwwzSUlqDRo4RB9aptbSMgOI,bar
ChIJwwzSUlqDRo4RB9aptbSMgOI,liquor_store
ChIJwwzSUlqDRo4RB9aptbSMgOI,store
ChIJWXEZ72KCRo4Ru09sos7THGs,park
ChIJWxxKddMpRI4RcrsQVkKG55s,bakery
ChIJWxxKddMpRI4RcrsQVkKG55s,cafe
ChIJWxxKddMpRI4RcrsQVkKG55s,store
ChIJwYbeAACDRo4RhJMi32pBduE,restaurant
ChIJWYXy_lqDRo4RJXWMui8M3ys,bakery
ChIJWYXy_lqDRo4RJXWMui8M3ys,cafe
ChIJWYXy_lqDRo4RJXWMui8M3ys,restaurant
ChIJWYXy_lqDRo4RJXWMui8M3ys,store
ChIJwzmIRfODRo4RBjJN5GKUOiY,park
ChIJwZn3BicoRI4RxcD_heQKD-Q,restaurant
ChIJw_BYM-qDRo4Rn2n6IeuA0hc,park
ChIJx-HhFwCDRo4RBWqFVEnwA8k,restaurant
ChIJX0A483yCRo4Rbgf7sqcTAy0,bakery
ChIJX0A483yCRo4Rbgf7sqcTAy0,cafe
ChIJX0A483yCRo4Rbgf7sqcTAy0,store
ChIJx0dDdM1tRI4R318S6eFSsP8,bar
ChIJx0dDdM1tRI4R318S6eFSsP8,restaurant
ChIJx0q2T6KDRo4RzgyOdm9R3KI,restaurant
ChIJX0x7d4KCRo4RY30mRt_-m3s,cafe
ChIJX2PYtmYpRI4RK-TeZmlGTK8,bakery
ChIJX2PYtmYpRI4RK-TeZmlGTK8,cafe
ChIJX2PYtmYpRI4RK-TeZmlGTK8,restaurant
ChIJX2PYtmYpRI4RK-TeZmlGTK8,store
ChIJX3-3gn2CRo4RmuKgpzV6j_4,restaurant
ChIJx7ifXCooRI4RzNYPcAB1llo,restaurant
ChIJX84MdZ8pRI4RDUAR-PukUiw,night_club
ChIJx8Z5L_opRI4Rop9gRevIGwQ,cafe
ChIJx8Z5L_opRI4Rop9gRevIGwQ,restaurant
ChIJx8Z5L_opRI4Rop9gRevIGwQ,store
ChIJX9XJB4iCRo4RSyZtfrm9Ly4,restaurant
ChIJXaI_WukpRI4RB1eLHj475Jg,restaurant
ChIJxaVHwOcpRI4RyMDmhYor3BM,bar
ChIJxaVHwOcpRI4RyMDmhYor3BM,night_club
ChIJxaVHwOcpRI4RyMDmhYor3BM,restaurant
ChIJxcAWzWODRo4RpI22sVetESI,cafe
ChIJxcAWzWODRo4RpI22sVetESI,store
ChIJXcEo2tgpRI4Rlv3Rgodzk1w,art_gallery
ChIJXdfouJyCRo4RgEyr0w9JGjY,cafe
ChIJXScty_yDRo4RLhRv-WvDVNM,cafe
ChIJXT_T4CkoRI4RaZpS99GdfX4,park
ChIJxUg120iDRo4RVeq0_qhznbc,restaurant
ChIJxUL5u1kpRI4RI7dSdTmGy_A,bar
ChIJxUL5u1kpRI4RI7dSdTmGy_A,night_club
ChIJxUL5u1kpRI4RI7dSdTmGy_A,restaurant
ChIJxwHln-MpRI4RGmJ8FfRmrS8,night_club
ChIJxwOiwM4pRI4RI0bFJaeQEJk,bakery
ChIJxwOiwM4pRI4RI0bFJaeQEJk,cafe
ChIJxwOiwM4pRI4RI0bFJaeQEJk,restaurant
ChIJxwOiwM4pRI4RI0bFJaeQEJk,store
ChIJXWT1geKDRo4Rudo38tvq1Os,restaurant
ChIJXWUCYXwpRI4RxXTxgtqq77U,cafe
ChIJXWUCYXwpRI4RxXTxgtqq77U,store
ChIJxWUzgJCCRo4Rx10OnuQbYt0,restaurant
ChIJxwYgLtcpRI4Rn3ycBUqz4I8,restaurant
ChIJxxi_CQCDRo4RvlEhLPnksao,bar
ChIJxy3HfykoRI4RMEboQ7Ld7T8,restaurant
ChIJXZhl-XyCRo4Rmn_pimPjbqQ,cafe
ChIJX_5sRQCDRo4R7PV_FxBOZWg,cafe
ChIJX_5sRQCDRo4R7PV_FxBOZWg,store
ChIJx_IhV18pRI4RGUokXGy6Vy0,cafe
ChIJx_IhV18pRI4RGUokXGy6Vy0,store
ChIJy-pWhGOCRo4RczK5ITCSWkU,bar
ChIJy-pWhGOCRo4RczK5ITCSWkU,restaurant
ChIJY1tVZQCDRo4RypouWeyKxgg,museum
ChIJy2IagCkoRI4RURnNdkan6ZI,art_gallery
ChIJY2JSLYeCRo4R0POeoEWGtbU,restaurant
ChIJY5g3HgApRI4RN3nj1Mo5QOg,restaurant
ChIJy68H_XGDRo4RyPGHCm9HBhI,restaurant
ChIJy7osevqCRo4RoTROXZpZiqE,restaurant
ChIJyar5EdEpRI4RYhes6f_7fV0,night_club
ChIJyaxe-mOCRo4RiMMByKq-dME,restaurant
ChIJYb0SZ2aCRo4RdmfoDfsK4z0,bar
ChIJyQxfQHSDRo4RSFmWHjLlGJk,night_club
ChIJyS2QjUWCRo4R-QuR7Ug8ecU,restaurant
ChIJYTeMqE2CRo4RN33RFpqLLHY,night_club
ChIJYTFySB2DRo4RYaI5aC-D_r0,bar
ChIJyVhby_GDRo4RmUGvXN1STp0,restaurant
ChIJYVR1WZYpRI4RH2kWetG9-rc,bar
ChIJYVR1WZYpRI4RH2kWetG9-rc,night_club
ChIJYVR1WZYpRI4RH2kWetG9-rc,store
ChIJYW5OPI2DRo4R1-F3VGTM6Ac,restaurant
ChIJYXCyxYGCRo4R8dHRadjJpLc,cafe
ChIJyXzEF9QpRI4RkzDOxIUpMxE,cafe
ChIJyYGlJpyDRo4RiMvvzWYaWxY,restaurant
ChIJyYXzUFCDRo4R8CZwxfQgQmU,restaurant
ChIJY_tlcX2CRo4R4zdXH9IE8Js,restaurant
ChIJZ-6tUigoRI4R1K6H783Wuqw,restaurant
ChIJz1gZfZqCRo4RIIibKDJWCkM,bar
ChIJz1gZfZqCRo4RIIibKDJWCkM,meal_takeaway
ChIJz1gZfZqCRo4RIIibKDJWCkM,restaurant
ChIJz33pvSkoRI4Rp3jsj_c-VNw,bar
ChIJZ4yv8W-CRo4RkQOisiZwzZM,gas_station
ChIJZ4yv8W-CRo4RkQOisiZwzZM,restaurant
ChIJZ6-aUi8oRI4RBuaHdiLoGTw,lodging
ChIJZ6-aUi8oRI4RBuaHdiLoGTw,restaurant
ChIJZa6HAoGCRo4RFVgznf_t3eM,cafe
ChIJzcYf6yAoRI4RoLXwyLeIrk8,park
ChIJzcYf6yAoRI4RoLXwyLeIrk8,tourist_attraction
ChIJzenMLNcpRI4RzpNuZb8EMkU,bar
ChIJZRxCZGaCRo4R9c8cb9b98Rc,bar
ChIJZRxCZGaCRo4R9c8cb9b98Rc,night_club
ChIJZUhdGKCDRo4R2JGc9nLLsUU,night_club
ChIJZUlbn9MpRI4R-Gl5Ynj-9As,restaurant
ChIJZV98K0WDRo4Rjk7NHUHyVqE,restaurant
ChIJZw209SkoRI4RQMWUNcp-pIU,bar
ChIJZW7xOigoRI4RUKwwcHddo8M,restaurant
ChIJZWsWaACDRo4RcklhHbwHHYM,cafe
ChIJZWsWaACDRo4RcklhHbwHHYM,store
ChIJzWXpZIyDRo4Ryhw14pQU1aE,restaurant
ChIJzXb_MLUpRI4Ry8CyVsuCn8o,bakery
ChIJzXb_MLUpRI4Ry8CyVsuCn8o,cafe
ChIJzXb_MLUpRI4Ry8CyVsuCn8o,restaurant
ChIJzXb_MLUpRI4Ry8CyVsuCn8o,store
ChIJzyKil9-DRo4RlaVq3ItfPCk,restaurant
ChIJzyWMoIWCRo4RdaBn6Q9MrEk,cafe
ChIJzyWMoIWCRo4RdaBn6Q9MrEk,store
ChIJzyWMoIWCRo4RJ3l6V_iypIs,bar
ChIJzyWMoIWCRo4RJ3l6V_iypIs,meal_delivery
ChIJzyWMoIWCRo4RJ3l6V_iypIs,restaurant
ChIJ_-dufwCDRo4R374QQdtOuLE,bar
ChIJ_2357VCDRo4R9tcwwGDiLFk,bar
ChIJ_2357VCDRo4R9tcwwGDiLFk,restaurant
ChIJ_2dq8GWDRo4RcuQidThWyNc,bar
ChIJ_2h82FGCRo4RS3TDWOirMMk,restaurant
ChIJ_7ZQRX2CRo4ROoFqdx6D3bw,bakery
ChIJ_7ZQRX2CRo4ROoFqdx6D3bw,cafe
ChIJ_7ZQRX2CRo4ROoFqdx6D3bw,grocery_or_supermarket
ChIJ_7ZQRX2CRo4ROoFqdx6D3bw,home_goods_store
ChIJ_7ZQRX2CRo4ROoFqdx6D3bw,liquor_store
ChIJ_7ZQRX2CRo4ROoFqdx6D3bw,store
ChIJ_R5UJleDRo4R2VkzZKIeL8Y,restaurant
ChIJ_SkgqliDRo4RCPoUlBtOZ1M,bar
ChIJ_SkgqliDRo4RCPoUlBtOZ1M,restaurant
ChIJ_Vlgis4pRI4RW7r8s-unIQ4,art_gallery
ChIJ_Vlgis4pRI4RW7r8s-unIQ4,clothing_store
ChIJ_Vlgis4pRI4RW7r8s-unIQ4,store
ChIJ_WyuzVGCRo4RB3xk2I3T_QU,bar
ChIJ_YUPgIeCRo4RDcEHL51igbU,restaurant
ChIJ_z6dDdMpRI4RZL84lIx7yVQ,restaurant
ChIJ_Z99cNMpRI4R36sPy4RvWL0,cafe
ChIJ__FJzTMpRI4R89k_7iNs6SY,art_gallery
